,Symbol,REIT Name,REITRating™ Score*,Stock Exchange,Type,Sector,Country,Data Centers,Diversified,Health Care,Hotel,Industrial,Infrastructure,Mortgage,Office,Residential,Resorts,Retail,Self Storage,Timber,Specialty
0,ABR,"Arbor Realty Trust, Inc.",5.8,NYSE,Mortgage REIT,Mortgage,United States,,,,,,,Y,,,,,,,
1,ABR-C,"Arbor Realty Trust, Inc.",,NYSE,Mortgage REIT,Mortgage,United States,,,,,,,Y,,,,,,,
2,ACRE,Ares Commercial Real Estate Corp,5.8,NYSE,Mortgage REIT,"Mortgage, Diversified",United States,,Y,,,,,Y,,,,,,,
3,AGNC,AGNC Investment Corp.,2.8,NASDAQ,Mortgage REIT,Mortgage,United States,,,,,,,Y,,,,,,,
4,AJX,Great Ajax Corp.,5.3,NYSE,Mortgage REIT,Mortgage,United States,,,,,,,Y,,,,,,,
5,ANH,Anworth Mortgage Asset Corporation,3.8,NYSE,Mortgage REIT,Mortgage,United States,,,,,,,Y,,,,,,,
6,ARI,"Apollo Commercial Real Estate Finance, Inc.",6.2,NYSE,Mortgage REIT,Mortgage,United States,,,,,,,Y,,,,,,,
7,ARR,Armour Residential REIT Inc.,4.2,NYSE,Mortgage REIT,Mortgage,United States,,,,,,,Y,,,,,,,
8,BXMT,"Blackstone Mortgage Trust, Inc.",4.6,NYSE,Mortgage REIT,Mortgage,United States,,,,,,,Y,,,,,,,
9,CIM,Chimera Investment Corporation,3.0,NYSE,Mortgage REIT,Mortgage,United States,,,,,,,Y,,,,,,,
10,CMO,Capstead Mortgage Corporation,2.7,NYSE,Mortgage REIT,Mortgage,United States,,,,,,,Y,,,,,,,
11,DX,"Dynex Capital, Inc.",5.4,NYSE,Mortgage REIT,Mortgage,United States,,,,,,,Y,,,,,,,
12,EARN,Ellington Residential Mortgage REIT,2.9,NYSE,Mortgage REIT,Mortgage,United States,,,,,,,Y,,,,,,,
13,HASI,"Hannon Armstrong Sustainable Infrastructure Capital, Inc.",5.7,NYSE,Mortgage REIT,Mortgage,United States,,,,,,,Y,,,,,,,
14,LOAN,"Manhattan Bridge Capital, Inc.",5.5,NASDAQ,Mortgage REIT,Mortgage,United States,,,,,,,Y,,,,,,,
15,IVR,"Invesco Mortgage Capital, Inc.",4.2,NYSE,Mortgage REIT,Mortgage,United States,,,,,,,Y,,,,,,,
16,JCAP,"Jernigan Capital, Inc.",8.0,NYSE,Mortgage REIT,"Mortgage, Self Storage",United States,,,,,,,Y,,,,,Y,,
17,LADR,Ladder Capital Corp,4.4,NYSE,Mortgage REIT,Mortgage,United States,,,,,,,Y,,,,,,,
18,TRMT,Tremont Mortgage Trust,5.9,NASDAQ,Mortgage REIT,Mortgage,United States,,,,,,,Y,,,,,,,
19,MFA,"MFA Mortgage Investments, Inc.",5.0,NYSE,Mortgage REIT,Mortgage,United States,,,,,,,Y,,,,,,,
20,MITT,"AG Mortgage Investment Trust, Inc.",4.5,NYSE,Mortgage REIT,Mortgage,United States,,,,,,,Y,,,,,,,
21,UDFI,United Development Funding IV,,OTCMKTS,Mortgage REIT,Mortgage,United States,,,,,,,Y,,,,,,,
22,NLY,"Annaly Capital Management, Inc.",3.4,NYSE,Mortgage REIT,Mortgage,United States,,,,,,,Y,,,,,,,
23,NRZ,New Residential Investment Corp.,4.4,NYSE,Mortgage REIT,Mortgage,United States,,,,,,,Y,,,,,,,
24,NYMT,"New York Mortgage Trust, Inc.",4.2,NASDAQ,Mortgage REIT,Mortgage,United States,,,,,,,Y,,,,,,,
25,NYMTO,"New York Mortgage Trust, Inc.",,NASDAQ,Mortgage REIT,Mortgage,United States,,,,,,,Y,,,,,,,
26,ORC,"Orchid Island Capital, Inc.",3.4,NYSE,Mortgage REIT,Mortgage,United States,,,,,,,Y,,,,,,,
27,PMT,Pennymac Mortgage Investment Trust,5.8,NYSE,Mortgage REIT,Mortgage,United States,,,,,,,Y,,,,,,,
28,RWT,"Redwood Trust, Inc.",6.2,NYSE,Mortgage REIT,Mortgage,United States,,,,,,,Y,,,,,,,
29,STWD,"Starwood Property Trust, Inc.",5.0,NYSE,Mortgage REIT,Mortgage,United States,,,,,,,Y,,,,,,,
30,TWO,Two Harbors Investment Corp.,5.5,NYSE,Mortgage REIT,Mortgage,United States,,,,,,,Y,,,,,,,
31,WMC,Western Asset Mortgage Capital Corp,2.6,NYSE,Mortgage REIT,Mortgage,United States,,,,,,,Y,,,,,,,
32,FCRE,F&C UK Real Estate Investments Ltd,,LSE,Mortgage REIT,Diversified,United Kingdom,,Y,,,,,,,,,,,,
33,BMNM,"Bimini Capital Management, Inc.",3.2,OTCMKTS,Mortgage REIT,Mortgage,United States,,,,,,,Y,,,,,,,
34,CLNC,"Colony NorthStar Credit Real Estate, Inc",,NYSE,Mortgage REIT,Mortgage,United States,,,,,,,Y,,,,,,,
35,CHMI,Cherry Hill Mortgage Investment Corp.,5.1,NYSE,Mortgage REIT,Mortgage,United States,,,,,,,Y,,,,,,,
36,XAN,Exantas Capital Corp.,4.9,NYSE,Mortgage REIT,Mortgage,United States,,,,,,,Y,,,,,,,
37,GPMT,Granite Point Mortgage Trust Inc.,4.1,NYSE,Mortgage REIT,Mortgage,United States,,,,,,,Y,,,,,,,
38,HMG,"HMG Courtland Properties, Inc.",5.7,NYSE,Mortgage REIT,"Mortgage, Diversified",United States,,Y,,,,,Y,,,,,,,
39,IMH,"Impac Mortgage Holdings, Inc.",3.3,NYSE,Mortgage REIT,Mortgage,United States,,,,,,,Y,,,,,,,
40,HCFT.A,"Hunt Companies Finance Trust, Inc.",,NYSE,Mortgage REIT,Mortgage,United States,,,,,,,Y,,,,,,,
41,RASF,RAIT Financial Trust,0.7,OTCMKTS,Mortgage REIT,Mortgage,United States,,,,,,,Y,,,,,,,
42,SACH,Sachem Capital Corp.,6.8,NYSE,Mortgage REIT,Mortgage,United States,,,,,,,Y,,,,,,,
43,TRTX,"TPG Real Estate Finance Trust, Inc.",5.4,NYSE,Mortgage REIT,"Mortgage, Diversified",United States,,Y,,,,,Y,,,,,,,
44,WFE.A,Wells Fargo Real Estate Investment Corp.,,NYSE,Mortgage REIT,Mortgage,United States,,,,,,,Y,,,,,,,
45,RC,Ready Capital Corp.,3.8,NYSE,Mortgage REIT,Mortgage,United States,,,,,,,Y,,,,,,,
46,AI,Arlington Asset Investment Corp.,3.3,NYSE,Mortgage REIT,Mortgage,United States,,,,,,,Y,,,,,,,
47,BRMK,Broadmark Realty Capital,,NASDAQ,Mortgage REIT,Mortgage,United States,,,,,,,Y,,,,,,,
48,REET,iShares BlackRock Global REIT ETF,,NYSEARCA,ETF REIT,Diversified,United States,,Y,,,,,,,,,,,,
49,SCHH,Schwab U.S. REIT ETF,,NYSEARCA,ETF REIT,Diversified,United States,,Y,,,,,,,,,,,,
50,USRT,iShares BlackRock Core U.S. REIT ETF,,NYSEARCA,ETF REIT,Diversified,United States,,Y,,,,,,,,,,,,
51,VGSIX,Vanguard REIT Index Fund Investor Shares ETF,,NASDAQ,ETF REIT,Diversified,United States,,Y,,,,,,,,,,,,
52,ICF,iShares BlackRock Cohen & Steers REIT ETF,,Cboe BZX,ETF REIT,Diversified,United States,,Y,,,,,,,,,,,,
53,REM,iShares BlackRock Mortgage Real Estate ETF,,Cboe BZX,ETF REIT,Diversified,United States,,Y,,,,,,,,,,,,
54,FREL,Fidelity MSCI Real Estate Index ETF,,NYSEARCA,ETF REIT,Diversified,United States,,Y,,,,,,,,,,,,
55,KBWY,Invesco KBW Premium Yield Equity REIT ETF,,NASDAQ,ETF REIT,Diversified,United States,,Y,,,,,,,,,,,,
56,REZ,iShares BlackRock Residential Real Estate ETF,,NYSEARCA,ETF REIT,Diversified,United States,,Y,,,,,,,,,,,,
57,MORT,VanEck Vectors Mortgage REIT Income ETF,,NYSEARCA,ETF REIT,"Diversified, Mortgage",United States,,Y,,,,,Y,,,,,,,
58,FRI,First Trust S&P REIT Index Fund ETF,,NYSEARCA,ETF REIT,Diversified,United States,,Y,,,,,,,,,,,,
59,ROOF,IQ US Real Estate Small Cap ETF,,NYSEARCA,ETF REIT,Diversified,United States,,Y,,,,,,,,,,,,
60,SRET,Global X SuperDividend REIT ETF,,NASDAQ,ETF REIT,Diversified,United States,,Y,,,,,,,,,,,,
61,PPTY,PPTY - U.S. Diversified Real Estate ETF,,NYSEARCA,ETF REIT,Diversified,United States,,Y,,,,,,,,,,,,
62,BBRE,JPMorgan BetaBuilders MSCI US REIT ETF,,Cboe BZX,ETF REIT,Diversified,United States,,Y,,,,,,,,,,,,
63,IFEU,iShares BlackRock Europe Developed Real Estate ETF,,NASDAQ,ETF REIT,Diversified,United States,,Y,,,,,,,,,,,,
64,RORE,Hartford Multifactor REIT ETF,,NYSEARCA,ETF REIT,Diversified,United States,,Y,,,,,,,,,,,,
65,NURE,NuShares Short-Term REIT ETF,,Cboe BZX,ETF REIT,Diversified,United States,,Y,,,,,,,,,,,,
66,PSR,Invesco Active U.S. Real Estate Fund ETF,,NYSEARCA,ETF REIT,Diversified,United States,,Y,,,,,,,,,,,,
67,EWRE,Invesco S&P 500® Equal Weight Real Estate ETF,,NYSEARCA,ETF REIT,Diversified,United States,,Y,,,,,,,,,,,,
68,REK,ProShares Short Real Estate ETF,,NASDAQ,ETF REIT,Diversified,United States,,Y,,,,,,,,,,,,
69,RTL,Pacer Benchmark Retail Real Estate SCTR ETF,,NYSEARCA,ETF REIT,Diversified,United States,,Y,,,,,,,,,,,,
70,SRVR,Pacer Benchmark Data & Infrastructure Real Estate SCTR ETF,,NYSEARCA,ETF REIT,Diversified,United States,,Y,,,,,,,,,,,,
71,INDS,Pacer Benchmark Industrial Real Estate SCTR ETF,,NYSEARCA,ETF REIT,Diversified,United States,,Y,,,,,,,,,,,,
72,WPS,iShares BlackRock S&P Developed ex-U.S. Property Index Fund ETF,,NYSEARCA,ETF REIT,Diversified,United States,,Y,,,,,,,,,,,,
73,GRI,ALPS Trust Cohen & Steers Global Realty Majors ETF,,NYSEARCA,ETF REIT,Diversified,United States,,Y,,,,,,,,,,,,
74,VNQ,Vanguard Real Estate Index Fund ETF,,NYSEARCA,ETF REIT,Diversified,United States,,Y,,,,,,,,,,,,
75,IYR,iShares BlackRock U.S. Real Estate ETF,,NYSEARCA,ETF REIT,Diversified,United States,,Y,,,,,,,,,,,,
76,XLRE,SPDR Real Estate Select Sector Fund ETF,,NYSEARCA,ETF REIT,Diversified,United States,,Y,,,,,,,,,,,,
77,RWR,SPDR Dow Jones REIT ETF,,NYSEARCA,ETF REIT,Diversified,United States,,Y,,,,,,,,,,,,
78,IFNA,iShares BlackRock FTSE EPRA/NAREIT North America Index Fund ETF,,NYSEARCA,ETF REIT,Diversified,United States,,Y,,,,,,,,,,,,
79,IFGL,iShares International Developed Real Estate ETF,,NYSEARCA,ETF REIT,Diversified,United States,,Y,,,,,,,,,,,,
80,FTY,iShares BlackRock FTSE NAREIT Real Estate 50 Index Fund ETF,,NYSEARCA,ETF REIT,Diversified,United States,,Y,,,,,,,,,,,,
81,FNIQ,iShares BlackRock FTSE NAREIT Industrial/Office Capped Index Fund ETF,,NYSEARCA,ETF REIT,Diversified,United States,,Y,,,,,,,,,,,,
82,FFR,First Trust FTSE EN Dev Mkts Rel Est ETF,,NYSEARCA,ETF REIT,Diversified,United States,,Y,,,,,,,,,,,,
83,GQRE,FlexShares Global Quality Real Estate Index Fund,,NYSEARCA,ETF REIT,Diversified,United States,,Y,,,,,,,,,,,,
84,TAO,Invesco China Real Estate ETF TAO,,NYSEARCA,ETF REIT,Diversified,United States,,Y,,,,,,,,,,,,
85,IFAS,iShares BlackRock Asia Developed Real Estate,,NASDAQ,ETF REIT,Diversified,United States,,Y,,,,,,,,,,,,
86,FNIO,iShares BlackRock Industrial/Office Real,,NYSEARCA,ETF REIT,Diversified,United States,,Y,,,,,,,,,,,,
87,RWX,SPDR Dow Jones International Real Estate ETF,,NYSEARCA,ETF REIT,Diversified,United States,,Y,,,,,,,,,,,,
88,DRW,WisdomTree Global Real Estate Sector Fund ETF,,NYSEARCA,ETF REIT,Diversified,United States,,Y,,,,,,,,,,,,
89,RWO,SPDR Dow Jones Global Real Estate ETF,,NYSEARCA,ETF REIT,Diversified,United States,,Y,,,,,,,,,,,,
90,VNQI,Vanguard Global ex-U.S. Real Estate Index Fund,,NYSEARCA,ETF REIT,Diversified,United States,,Y,,,,,,,,,,,,
91,DXJR,WisdomTree Japan Hedged Real Estate Fund ETF,,NYSEARCA,ETF REIT,Diversified,United States,,Y,,,,,,,,,,,,
92,BIREX,BlackRock Real Estate Securities Institutional ETF,,NASDAQ,ETF REIT,Diversified,United States,,Y,,,,,,,,,,,,
93,SDIV,Global X SuperDividend ETF,,NYSE,ETF REIT,Diversified,United States,,Y,,,,,,,,,,,,
94,AAT,"American Assets Trust, Inc.",7.7,NYSE,Equity REIT,"Diversified, Office, Residential, Hotel, Retail",United States,,Y,,Y,,,,Y,Y,,Y,,,
95,ACC,"American Campus Communities, Inc.",7.5,NYSE,Equity REIT,Residential,United States,,,,,,,,,Y,,,,,
96,ADC,Agree Realty Corp.,9.1,NYSE,Equity REIT,Retail,United States,,,,,,,,,,,Y,,,
97,AHH,"Armada Hoffler Properties, Inc.",7.5,NYSE,Equity REIT,"Diversified, Retail, Residential, Office",United States,,Y,,,,,,Y,Y,,Y,,,
98,BHR,"Braemar Hotels & Resorts, Inc",6.0,NYSE,Equity REIT,"Resorts, Hotel",United States,,,,Y,,,,,,Y,,,,
99,AHT,"Ashford Hospitality Trust, Inc.",4.5,NYSE,Equity REIT,"Hotel, Resorts",United States,,,,Y,,,,,,Y,,,,
100,AIV,Apartment Investment & Management Co. (Aimco),7.2,NYSE,Equity REIT,Residential,United States,,,,,,,,,Y,,,,,
101,AKR,Acadia Realty Trust,7.5,NYSE,Equity REIT,Retail,United States,,,,,,,,,,,Y,,,
102,ALX,Alexander's Inc.,6.6,NYSE,Equity REIT,Diversified,United States,,Y,,,,,,,,,,,,
103,AMH,American Homes 4 Rent,7.0,NYSE,Equity REIT,Residential,United States,,,,,,,,,Y,,,,,
104,AMT,American Tower Corp,7.7,NYSE,Equity REIT,Infrastructure,United States,,,,,,Y,,,,,,,,
105,APLE,"Apple Hospitality REIT, Inc.",7.3,NYSE,Equity REIT,"Hotel, Resorts",United States,,,,Y,,,,,,Y,,,,
106,APTS,"Preferred Apartment Communities, Inc.",6.7,NYSE,Equity REIT,"Retail, Office, Residential",United States,,,,,,,,Y,Y,,Y,,,
107,ARE,"Alexandria Real Estate Equities, Inc.",8.9,NYSE,Equity REIT,Office,United States,,,,,,,,Y,,,,,,
108,AVB,"AvalonBay Communities, Inc.",8.6,NYSE,Equity REIT,Residential,United States,,,,,,,,,Y,,,,,
109,BDN,Brandywine Realty Trust,7.4,NYSE,Equity REIT,"Office, Residential",United States,,,,,,,,Y,Y,,,,,
110,BFS,"Saul Centers, Inc.",7.4,NYSE,Equity REIT,Retail,United States,,,,,,,,,,,Y,,,
111,BRG,"Bluerock Residential Growth REIT, Inc.",6.1,NYSE,Equity REIT,Residential,United States,,,,,,,,,Y,,,,,
112,BRX,"Brixmor Property Group, Inc.",7.4,NYSE,Equity REIT,Retail,United States,,,,,,,,,,,Y,,,
113,BXP,Boston Properties,7.9,NYSE,Equity REIT,"Office, Residential, Hotel, Retail, Diversified",United States,,Y,,Y,,,,Y,Y,,Y,,,
114,CBL,"CBL & Associates Properties, Inc.",3.8,NYSE,Equity REIT,Retail,United States,,,,,,,,,,,Y,,,
115,CDR,"Cedar Realty Trust, Inc.",6.3,NYSE,Equity REIT,Retail,United States,,,,,,,,,,,Y,,,
116,CIO,City Office REIT Inc,6.3,NYSE,Equity REIT,Office,United States,,,,,,,,Y,,,,,,
117,CLDT,Chatham Lodging Trust,7.0,NYSE,Equity REIT,"Hotel, Resorts",United States,,,,Y,,,,,,Y,,,,
118,CLI,Mack-Cali Realty Corp,7.2,NYSE,Equity REIT,"Office, Residential, Retail, Hotel",United States,,,,Y,,,,Y,Y,,Y,,,
119,CLNY,Colony Capital,4.7,NYSE,Equity REIT,"Diversified, Health Care, Industrial, Hotel",United States,,Y,Y,Y,Y,,,,,,,,,
120,CMCT,CIM Commercial Trust Corp,4.6,NASDAQ,Equity REIT,"Office, Hotel, Residential",United States,,,,Y,,,,Y,Y,,,,,
121,CONE,"CyrusOne, Inc.",8.3,NASDAQ,Equity REIT,Data Centers,United States,Y,,,,,,,,,,,,,
122,COR,CoreSite Reality Corporation,7.8,NYSE,Equity REIT,Data Centers,United States,Y,,,,,,,,,,,,,
123,CORR,"Corenergy Infrastructure Trust, Inc.",8.1,NYSE,Equity REIT,Infrastructure,United States,,,,,,Y,,,,,,,,
124,CPT,Camden Property Trust,8.7,NYSE,Equity REIT,Residential,United States,,,,,,,,,Y,,,,,
125,CTRE,"CareTrust REIT, Inc.",8.3,NASDAQ,Equity REIT,Health Care,United States,,,Y,,,,,,,,,,,
126,CTT,"CatchMark Timber Trust, Inc",5.6,NYSE,Equity REIT,Timber,United States,,,,,,,,,,,,,Y,
127,CUBE,CubeSmart,8.4,NYSE,Equity REIT,Self Storage,United States,,,,,,,,,,,,Y,,
128,CUZ,Cousins Properties,8.8,NYSE,Equity REIT,Office,United States,,,,,,,,Y,,,,,,
129,CXP,"Columbia Property Trust, Inc.",7.3,NYSE,Equity REIT,Office,United States,,,,,,,,Y,,,,,,
130,CXW,Corrections Corp of America (CoreCivic),7.1,NYSE,Equity REIT,Specialty,United States,,,,,,,,,,,,,,Y
131,DEA,"Easterly Government Properties, Inc.",8.3,NYSE,Equity REIT,Office,United States,,,,,,,,Y,,,,,,
132,DEI,"Douglas Emmett, Inc.",7.7,NYSE,Equity REIT,"Office, Residential",United States,,,,,,,,Y,Y,,,,,
133,DLR,Digital Realty Trust,8.4,NYSE,Equity REIT,Data Centers,United States,Y,,,,,,,,,,,,,
134,DOC,Physicians Realty Trust,6.8,NYSE,Equity REIT,Health Care,United States,,,Y,,,,,,,,,,,
135,DRE,Duke Realty Corporation,9.0,NYSE,Equity REIT,Industrial,United States,,,,,Y,,,,,,,,,
136,DRH,DiamondRock Hospitality Co.,7.1,NYSE,Equity REIT,"Hotel, Resorts",United States,,,,Y,,,,,,Y,,,,
137,EGP,"EastGroup Properties, Inc.",8.8,NYSE,Equity REIT,Industrial,United States,,,,,Y,,,,,,,,,
138,ELS,"Equity Lifestyle Properties, Inc.",7.8,NYSE,Equity REIT,Residential,United States,,,,,,,,,Y,,,,,
139,BEI.UN,Boardwalk REIT,,TSX,Equity REIT,Residential,Canada,,,,,,,,,Y,,,,,
140,EPR,"Entertainment Properties Trust, Inc.",7.9,NYSE,Equity REIT,"Specialty, Diversified",United States,,Y,,,,,,,,,,,,Y
141,EQC,Equity Commonwealth,7.9,NYSE,Equity REIT,Office,United States,,,,,,,,Y,,,,,,
142,EQR,Equity Residential,8.3,NYSE,Equity REIT,Residential,United States,,,,,,,,,Y,,,,,
143,ESRT,"Empire State Realty Trust, Inc.",6.1,NYSE,Equity REIT,Office,United States,,,,,,,,Y,,,,,,
144,ESS,"Essex Property Trust, Inc.",8.3,NYSE,Equity REIT,Residential,United States,,,,,,,,,Y,,,,,
145,EXR,"Extra Space Storage, Inc.",8.2,NYSE,Equity REIT,Self Storage,United States,,,,,,,,,,,,Y,,
146,FCPT,"Four Corners Property Trust, Inc.",8.1,NYSE,Equity REIT,Retail,United States,,,,,,,,,,,Y,,,
147,FPI,"Farmland Partners, Inc",5.3,NYSE,Equity REIT,Specialty,United States,,,,,,,,,,,,,,Y
148,FR,"First Industrial Realty Trust, Inc.",8.0,NYSE,Equity REIT,Industrial,United States,,,,,Y,,,,,,,,,
149,HR.UN,H&R REIT,,TSX,Equity REIT,"Office, Retail, Industrial, Residential",Canada,,,,,Y,,,Y,Y,,Y,,,
150,INO.UN,Inovalis REIT,,TSX,Equity REIT,Office,Canada,,,,,,,,Y,,,,,,
151,FRT,Federal Realty Investment Trust,8.1,NYSE,Equity REIT,Retail,United States,,,,,,,,,,,Y,,,
152,FSP,Franklin Street Properties Corp.,6.5,NYSE,Equity REIT,Office,United States,,,,,,,,Y,,,,,,
153,LRT.UN,Lanesborough REIT,,TSX,Equity REIT,"Residential, Diversified",Canada,,Y,,,,,,,Y,,,,,
154,MWI.UN,Maplewood International REIT,,TSX,Equity REIT,"Industrial, Office",Canada,,,,,Y,,,Y,,,,,,
155,MR.UN,Melcor REIT,,TSX,Equity REIT,"Industrial, Office, Retail",Canada,,,,,Y,,,Y,,,Y,,,
156,MRT.UN,Morguard REIT,,TSX,Equity REIT,"Hotel, Industrial, Residential, Retail, Office",Canada,,,,Y,Y,,,Y,Y,,Y,,,
157,NVU.UN,Northview Apartment REIT,,TSX,Equity REIT,Residential,Canada,,,,,,,,,Y,,,,,
158,PAR.UN,Partners REIT,,TSX,Equity REIT,Retail,Canada,,,,,,,,,,,Y,,,
159,PRV.UN,PROREIT,,TSX,Equity REIT,"Retail, Office, Industrial",Canada,,,,,Y,,,Y,,,Y,,,
160,GEO,"The Geo Group, Inc.",6.2,NYSE,Equity REIT,Specialty,United States,,,,,,,,,,,,,,Y
161,CRR.UN,Crombie REIT,,TSX,Equity REIT,"Industrial, Office, Residential, Retail, Diversified",Canada,,Y,,,Y,,,Y,Y,,Y,,,
162,DRG.UN,Dream Global REIT,,TSX,Equity REIT,"Office, Industrial",Canada,,,,,Y,,,Y,,,,,,
163,GLPI,"Gaming & Leisure Properties, Inc.",7.4,NASDAQ,Equity REIT,Specialty,United States,,,,,,,,,,,,,,Y
164,GOOD,"Gladstone Commercial Corporation, Inc.",7.0,NASDAQ,Equity REIT,"Diversified, Industrial, Office, Health Care, Retail",United States,,Y,Y,,Y,,,Y,,,Y,,,
165,GOODM,Gladstone Commercial Corp.,6.9,NASDAQ,Equity REIT,"Industrial, Office, Health Care, Retail",United States,,,Y,,Y,,,Y,,,Y,,,
166,CHP.UN,Choice Properties REIT,,TSX,Equity REIT,"Retail, Industrial, Office",Canada,,,,,Y,,,Y,,,Y,,,
167,GRP.U,Granite REIT Inc.,,NYSE,Equity REIT,Industrial,Canada,,,,,Y,,,,,,,,,
168,GTY,Getty Realty Corp.,7.5,NYSE,Equity REIT,Retail,United States,,,,,,,,,,,Y,,,
169,GYRO,"Gyrodyne Company of America, Inc.",2.6,NASDAQ,Equity REIT,"Industrial, Office, Health Care, Diversified",United States,,Y,Y,,Y,,,Y,,,,,,
170,WELL,"Welltower, Inc.",7.9,NYSE,Equity REIT,Health Care,United States,,,Y,,,,,,,,,,,
171,HIW,"Highwoods Properties, Inc.",7.9,NYSE,Equity REIT,"Office, Industrial, Retail",United States,,,,,Y,,,Y,,,Y,,,
172,HPP,Hudson Pacific Properties,7.3,NYSE,Equity REIT,"Office, Diversified",United States,,Y,,,,,,Y,,,,,,
173,MDRR,"Medalist Diversified REIT, Inc.",,NASDAQ,Equity REIT,"Retail, Hotel, Office, Residential",United States,,,,Y,,,,Y,Y,,Y,,,
174,HR,"Healthcare Realty Trust, Inc.",7.6,NYSE,Equity REIT,Health Care,United States,,,Y,,,,,,,,,,,
175,AX.UN,Artis REIT,,TSX,Equity REIT,"Office, Retail, Industrial",Canada,,,,,Y,,,Y,,,Y,,,
176,BTB.UN,BTB REIT,,TSX,Equity REIT,"Industrial, Office, Retail",Canada,,,,,Y,,,Y,,,Y,,,
177,CUF.UN,Cominar REIT,,TSX,Equity REIT,"Industrial, Retail, Office",Canada,,,,,Y,,,Y,,,Y,,,
178,HST,"Host Hotels & Resorts, Inc.",7.4,NYSE,Equity REIT,"Hotel, Resorts",United States,,,,Y,,,,,,Y,,,,
179,HT,Hersha Hospitality Trust,6.7,NYSE,Equity REIT,"Resorts, Hotel",United States,,,,Y,,,,,,Y,,,,
180,HTA,"Healthcare Trust of America, Inc.",7.8,NYSE,Equity REIT,Health Care,United States,,,Y,,,,,,,,,,,
181,IHT,Innsuites Hospitality Trust,6.5,NYSE,Equity REIT,"Resorts, Hotel",United States,,,,Y,,,,,,Y,,,,
182,INN,"Summit Hotel Properties, Inc.",7.5,NYSE,Equity REIT,"Hotel, Resorts",United States,,,,Y,,,,,,Y,,,,
183,IRET,"Investors Real Estate Trust, Inc.",6.7,NYSE,Equity REIT,"Diversified, Residential, Office, Retail, Health Care",United States,,Y,Y,,,,,Y,Y,,Y,,,
184,IRM,"Iron Mountain, Inc.",7.0,NYSE,Equity REIT,"Specialty, Data Centers",United States,Y,,,,,,,,,,,,,Y
185,IRT,"Independence Realty Trust, Inc.",6.9,NYSE,Equity REIT,Residential,United States,,,,,,,,,Y,,,,,
186,KIM,"Kimco Realty Corp, Inc.",7.9,NYSE,Equity REIT,Retail,United States,,,,,,,,,,,Y,,,
187,KRC,"Kilroy Realty Corp, Inc.",8.4,NYSE,Equity REIT,"Office, Residential",United States,,,,,,,,Y,Y,,,,,
188,KRG,Kite Realty Group,7.1,NYSE,Equity REIT,Retail,United States,,,,,,,,,,,Y,,,
189,LAND,"Gladstone Land Corporation, Inc.",7.3,NASDAQ,Equity REIT,"Diversified, Farms",United States,,Y,,,,,,,,,,,,
190,GAZ.UN,Fronsac REIT,,TSX,Equity REIT,Retail,Canada,,,,,,,,,,,Y,,,
191,LPT,"Liberty Property Trust, Inc.",7.4,NYSE,Equity REIT,Industrial,United States,,,,,Y,,,,,,,,,
192,LSI,"Life Storage, Inc.",8.1,NYSE,Equity REIT,Self Storage,United States,,,,,,,,,,,,Y,,
193,LTC,"LTC Properties, Inc.",7.9,NYSE,Equity REIT,"Health Care, Diversified",United States,,Y,Y,,,,,,,,,,,
194,LXP,"Lexington Realty Trust, Inc.",6.6,NYSE,Equity REIT,"Diversified, Office, Industrial, Retail",United States,,Y,,,Y,,,Y,,,Y,,,
195,MAA,"Mid-America Apartment Communities, Inc.",8.3,NYSE,Equity REIT,Residential,United States,,,,,,,,,Y,,,,,
196,MAC,Macerich Company,7.1,NYSE,Equity REIT,Retail,United States,,,,,,,,,,,Y,,,
197,MGP,MGM Growth Properties LLC,7.5,NYSE,Equity REIT,"Hotel, Resorts",United States,,,,Y,,,,,,Y,,,,
198,MNR,Monmouth Real Estate Investment Corp,7.7,NYSE,Equity REIT,Industrial,United States,,,,,Y,,,,,,,,,
199,MPW,"Medical Properties Trust, Inc.",7.5,NYSE,Equity REIT,Health Care,United States,,,Y,,,,,,,,,,,
200,NHI,"National Health Investors, Inc.",8.6,NYSE,Equity REIT,Health Care,United States,,,Y,,,,,,,,,,,
201,NNN,"National Retail Properties, Inc.",8.7,NYSE,Equity REIT,Retail,United States,,,,,,,,,,,Y,,,
202,NSA,National Storage Affiliates Trust,7.4,NYSE,Equity REIT,Self Storage,United States,,,,,,,,,,,,Y,,
203,NXRT,"NexPoint Residential Trust, Inc.",6.8,NYSE,Equity REIT,Residential,United States,,,,,,,,,Y,,,,,
204,O,Realty Income Corp,8.7,NYSE,Equity REIT,"Retail, Industrial, Office, Specialty",United States,,,,,Y,,,Y,,,Y,,,Y
205,OFC,Corporate Office Properties Trust,7.2,NYSE,Equity REIT,"Data Centers, Office, Diversified",United States,Y,Y,,,,,,Y,,,,,,
206,OHI,"Omega Healthcare Investors, Inc.",8.1,NYSE,Equity REIT,Health Care,United States,,,Y,,,,,,,,,,,
207,OLP,"One Liberty Properties, Inc.",7.0,NYSE,Equity REIT,"Industrial, Office, Retail, Diversified, Health Care",United States,,Y,Y,,Y,,,Y,,,Y,,,
208,OUT,"Outfront Media, Inc.",6.9,NYSE,Equity REIT,Specialty,United States,,,,,,,,,,,,,,Y
209,PDM,"Piedmont Office Realty Trust, Inc.",6.9,NYSE,Equity REIT,Office,United States,,,,,,,,Y,,,,,,
210,PEB,"Pebblebrook Hotel Trust, Inc.",7.5,NYSE,Equity REIT,"Hotel, Resorts",United States,,,,Y,,,,,,Y,,,,
211,PEI,"Pennsylvania Real Estate Investment Trust, Inc.",6.2,NYSE,Equity REIT,Retail,United States,,,,,,,,,,,Y,,,
212,PGRE,"Paramount Group, Inc.",6.8,NYSE,Equity REIT,Office,United States,,,,,,,,Y,,,,,,
213,PK,"Park Hotels & Resorts, Inc.",7.8,NYSE,Equity REIT,"Resorts, Hotel",United States,,,,Y,,,,,,Y,,,,
214,PLD,"Prologis, Inc.",9.3,NYSE,Equity REIT,Industrial,United States,,,,,Y,,,,,,,,,
215,PSA,Public Storage,9.1,NYSE,Equity REIT,Self Storage,United States,,,,,,,,,,,,Y,,
216,PSB,"PS Business Parks, Inc.",8.8,NYSE,Equity REIT,"Office, Industrial",United States,,,,,Y,,,Y,,,,,,
217,PW,Power REIT,6.4,NYSE,Equity REIT,Infrastructure,United States,,,,,,Y,,,,,,,,
218,QTS,"QTS Realty Trust, Inc.",8.4,NYSE,Equity REIT,Data Centers,United States,Y,,,,,,,,,,,,,
219,REG,Regency Centers Corporation,8.1,NYSE,Equity REIT,Retail,United States,,,,,,,,,,,Y,,,
220,RESI,Front Yard Residential,4.2,NYSE,Equity REIT,Residential,United States,,,,,,,,,Y,,,,,
221,REXR,"Rexford Industrial Realty, Inc.",8.8,NYSE,Equity REIT,Industrial,United States,,,,,Y,,,,,,,,,
222,RHP,"Ryman Hospitality Properties, Inc.",7.2,NYSE,Equity REIT,"Hotel, Resorts",United States,,,,Y,,,,,,Y,,,,
223,RLJ,RLJ Lodging Trust,7.3,NYSE,Equity REIT,"Hotel, Resorts",United States,,,,Y,,,,,,Y,,,,
224,ROIC,Retail Opportunity Investments Corp.,7.4,NASDAQ,Equity REIT,Retail,United States,,,,,,,,,,,Y,,,
225,RPAI,"Retail Properties of America, Inc",7.2,NYSE,Equity REIT,"Retail, Office, Residential",United States,,,,,,,,Y,Y,,Y,,,
226,RPT,RPT Realty,6.9,NYSE,Equity REIT,Retail,United States,,,,,,,,,,,Y,,,
227,EPRT,Essential Properties Realty Trust Inc,8.0,NYSE,Equity REIT,Retail,United States,,,,,,,,,,,Y,,,
228,RYN,"Rayonier, Inc.",7.6,NYSE,Equity REIT,Timber,United States,,,,,,,,,,,,,Y,
229,SBRA,"Sabra Health Care REIT, Inc.",7.7,NASDAQ,Equity REIT,Health Care,United States,,,Y,,,,,,,,,,,
230,SELF,"Global Self Storage, Inc.",6.9,NASDAQ,Equity REIT,Self Storage,United States,,,,,,,,,,,,Y,,
231,SHO,"Sunstone Hotel Investors, Inc.",7.1,NYSE,Equity REIT,"Hotel, Resorts",United States,,,,Y,,,,,,Y,,,,
232,SKT,"Tanger Factory Outlet Centers, Inc.",7.0,NYSE,Equity REIT,Retail,United States,,,,,,,,,,,Y,,,
233,SLG,SL Green Realty Corp,8.0,NYSE,Equity REIT,Office,United States,,,,,,,,Y,,,,,,
234,SNR,"New Senior Investment Group, Inc.",5.0,NYSE,Equity REIT,Health Care,United States,,,Y,,,,,,,,,,,
235,SOHO,"Sotherly Hotels, Inc.",5.7,NASDAQ,Equity REIT,"Hotel, Resorts",United States,,,,Y,,,,,,Y,,,,
236,SPG,Simon Property Group,7.5,NYSE,Equity REIT,Retail,United States,,,,,,,,,,,Y,,,
237,SRC,"Spirit Realty Capital, Inc.",6.6,NYSE,Equity REIT,"Retail, Office, Industrial",United States,,,,,Y,,,Y,,,Y,,,
238,SRG,"Seritage Growth Properties, Inc.",3.5,NYSE,Equity REIT,Retail,United States,,,,,,,,,,,Y,,,
239,STAG,"STAG Industrial, Inc.",8.6,NYSE,Equity REIT,Industrial,United States,,,,,Y,,,,,,,,,
240,STOR,Store Capital Corp,8.5,NYSE,Equity REIT,"Retail, Industrial",United States,,,,,Y,,,,,,Y,,,
241,SUI,"Sun Communities, Inc.",8.3,NYSE,Equity REIT,Residential,United States,,,,,,,,,Y,,,,,
242,TCO,"Taubman Centers, Inc.",6.2,NYSE,Equity REIT,Retail,United States,,,,,,,,,,,Y,,,
243,TRNO,Terreno Realty Corp.,9.3,NYSE,Equity REIT,Industrial,United States,,,,,Y,,,,,,,,,
244,UBA,"Urstadt Biddle Properties, Inc.",8.1,NYSE,Equity REIT,"Retail, Diversified, Health Care, Specialty",United States,,Y,Y,,,,,,,,Y,,,Y
245,UBP,Urstadt Biddle Properties Inc,8.1,NYSE,Equity REIT,Retail,United States,,,,,,,,,,,Y,,,
246,UDR,UDR Inc.,8.8,NYSE,Equity REIT,Residential,United States,,,,,,,,,Y,,,,,
247,UE,Urban Edge Properties,6.8,NYSE,Equity REIT,Retail,United States,,,,,,,,,,,Y,,,
248,UHT,Universal Health Realty Income Trust,7.5,NYSE,Equity REIT,Health Care,United States,,,Y,,,,,,,,,,,
249,UMH,"UMH Properties, Inc.",5.7,NYSE,Equity REIT,Residential,United States,,,,,,,,,Y,,,,,
250,UNIT,"Uniti Group, Inc.",4.5,NASDAQ,Equity REIT,Infrastructure,United States,,,,,,Y,,,,,,,,
251,VER,"Vereit, Inc.",8.1,NYSE,Equity REIT,"Diversified, Office, Retail, Industrial",United States,,Y,,,Y,,,Y,,,Y,,,
252,VNO,Vornado Realty Trust,8.7,NYSE,Equity REIT,"Diversified, Residential, Office",United States,,Y,,,,,,Y,Y,,,,,
253,VTR,"Ventas, Inc.",7.8,NYSE,Equity REIT,Health Care,United States,,,Y,,,,,,,,,,,
254,WHLR,Wheeler Real Estate Investment Trust Inc,3.8,NASDAQ,Equity REIT,Retail,United States,,,,,,,,,,,Y,,,
255,WPC,"W.P. Carey, Inc.",8.2,NYSE,Equity REIT,"Diversified, Industrial, Self Storage, Office, Retail",United States,,Y,,,Y,,,Y,,,Y,Y,,
256,WRE,Washington Real Estate Investment Trust,7.2,NYSE,Equity REIT,"Diversified, Residential, Retail, Office",United States,,Y,,,,,,Y,Y,,Y,,,
257,WRI,Weingarten Realty Investors,7.5,NYSE,Equity REIT,Retail,United States,,,,,,,,,,,Y,,,
258,WSR,"Whitestone REIT, Inc.",4.8,NYSE,Equity REIT,Retail,United States,,,,,,,,,,,Y,,,
259,XHR,"Xenia Hotels & Resorts, Inc.",7.5,NYSE,Equity REIT,"Hotel, Resorts",United States,,,,Y,,,,,,Y,,,,
260,SVC,"Service Properties Trust, Inc.",,3995008,Equity REIT,"Hotel, Retail, Specialty",United States,,,,Y,,,,,,,Y,,,Y
261,CLPR,"Clipper Realty, Inc.",3.1,NYSE,Equity REIT,Residential,United States,,,,,,,,,Y,,,,,
262,CHCT,Community Healthcare Trust,7.9,NYSE,Equity REIT,Health Care,United States,,,Y,,,,,,,,,,,
263,CDOR,"Condor Hospitality Trust, Inc.",5.3,NASDAQ,Equity REIT,"Hotel, Resorts",United States,,,,Y,,,,,,Y,,,,
264,CTO,Consolidated-Tomoka Land Co.,6.7,NYSE,Equity REIT,"Retail, Diversified, Office, Hotel, Specialty",United States,,Y,,Y,,,,Y,,,Y,,,Y
265,CCI,Crown Castle International Corp.,8.3,NYSE,Equity REIT,Infrastructure,United States,,,,,,Y,,,,,,,,
266,EQIX,"Equinix, Inc.",7.8,NASDAQ,Equity REIT,Data Centers,United States,Y,,,,,,,,,,,,,
267,STAY,"ESH Hospitality, Inc.",7.0,NYSE,Equity REIT,"Hotel, Resorts",United States,,,,Y,,,,,,Y,,,,
268,FREVS,First REIT of New Jersey,3.4,Over-the-Counter (OTC),Equity REIT,"Diversified, Residential, Retail",United States,,Y,,,,,,,Y,,Y,,,
269,GZTGF,Gazit Globe,5.5,OTCMKTS,Equity REIT,Retail,United States,,,,,,,,,,,Y,,,
270,GMRE,"Global Medical REIT, Inc.",7.0,NYSE,Equity REIT,Health Care,United States,,,Y,,,,,,,,,,,
271,GNL,"Global Net Lease, Inc.",6.9,NYSE,Equity REIT,"Retail, Industrial, Diversified, Office",United States,,Y,,,Y,,,Y,,,Y,,,
272,INVH,Invitation Homes LP.,7.2,NYSE,Equity REIT,Residential,United States,,,,,,,,,Y,,,,,
273,STAR,iStar Inc.,3.6,NYSE,Equity REIT,"Diversified, Hotel, Industrial, Health Care, Office, Residential, Resorts",United States,,Y,Y,Y,Y,,,Y,Y,Y,,,,
274,KW,"Kennedy Wilson, Inc.",4.6,NYSE,Equity REIT,"Diversified, Office, Residential, Retail, Hotel",United States,,Y,,Y,,,,Y,Y,,Y,,,
275,LAMR,"Lamar Advertising Company, Inc.",7.5,NASDAQ,Equity REIT,Specialty,United States,,,,,,,,,,,,,,Y
276,LMRK,Landmark Infrastructure Partners LP,5.8,NASDAQ,Equity REIT,Infrastructure,United States,,,,,,Y,,,,,,,,
277,PCH,Potlatch Corporation,7.3,NASDAQ,Equity REIT,Timber,United States,,,,,,,,,,,,,Y,
278,RVEN,"Reven Housing REIT, Inc.",4.6,NASDAQ,Equity REIT,Residential,United States,,,,,,,,,Y,,,,,
279,WPG,"Washington Prime Group, Inc.",5.6,NYSE,Equity REIT,Retail,United States,,,,,,,,,,,Y,,,
280,WY,Weyerhaeuser Co.,6.2,NYSE,Equity REIT,Timber,United States,,,,,,,,,,,,,Y,
281,PLYM,Plymouth Industrial REIT Inc.,7.2,NYSE,Equity REIT,Industrial,United States,,,,,Y,,,,,,,,,
282,VICI,VICI Properties Inc.,7.7,NYSE,Equity REIT,"Hotel, Specialty, Diversified",United States,,Y,,Y,,,,,,,,,,Y
283,HOT.U,American Hotel Income Properties REIT Inc.,,TSX,Equity REIT,Hotel,Canada,,,,Y,,,,,,,,,,
284,ACR.UN,Agellan Commercial REIT,,TSX,Equity REIT,"Industrial, Retail, Office",Canada,,,,,Y,,,Y,,,Y,,,
285,ALEX,"Alexander & Baldwin, Inc.",7.9,NYSE,Equity REIT,"Diversified, Retail, Office, Industrial, Specialty",United States,,Y,,,Y,,,Y,,,Y,,,Y
286,BRT,BRT Apartments Corp.,6.3,NYSE,Equity REIT,Residential,United States,,,,,,,,,Y,,,,,
287,JBGS,JBG SMITH Properties,7.6,NYSE,Equity REIT,"Residential, Retail, Office",United States,,,,,,,,Y,Y,,Y,,,
288,BCFF11,BTG Pactual - Fundo de Investimento Imobiliario (FII) - BC Fundo de Fundos Imobiliários,,BMFBOVESPA,Equity REIT,Diversified,Brazil,,Y,,,,,,,,,,,,
289,BMLC11B,BTG Pactual - Fundo de Investimento Imobiliario (FII) - BM Brascan Lajes Corporativas,,BMFBOVESPA,Equity REIT,Office,Brazil,,,,,,,,Y,,,,,,
290,BRCR11,BTG Pactual - Fundo de Investimento Imobiliario (FII) - BTG Pactual Corporate Office Fund,,BMFBOVESPA,Equity REIT,Office,Brazil,,,,,,,,Y,,,,,,
291,BTCR11,BTG Pactual - Fundo de Investimento Imobiliario (FII) - BTG Pactual Crédito Imobiliário,,BMFBOVESPA,Equity REIT,Diversified,Brazil,,Y,,,,,,,,,,,,
292,CEOC11,BTG Pactual - Fundo de Investimento Imobiliario (FII) - CEO Cyrela Commercial Properties,,BMFBOVESPA,Equity REIT,Office,Brazil,,,,,,,,Y,,,,,,
293,CNES11,BTG Pactual - Fundo de Investimento Imobiliario (FII) - BM Cenesp,,BMFBOVESPA,Equity REIT,Office,Brazil,,,,,,,,Y,,,,,,
294,EDGA11,BTG Pactual - Fundo de Investimento Imobiliario (FII) - Edifício Galeria,,BMFBOVESPA,Equity REIT,Office,Brazil,,,,,,,,Y,,,,,,
295,FAED11,BTG Pactual - Fundo de Investimento Imobiliario (FII) - Anhanguera Educacional,,BMFBOVESPA,Equity REIT,Specialty,Brazil,,,,,,,,,,,,,,Y
296,FAMB11B,BTG Pactual - Fundo de Investimento Imobiliario (FII) - Edifício Almirante Barroso,,BMFBOVESPA,Equity REIT,Office,Brazil,,,,,,,,Y,,,,,,
297,FCAS11,BTG Pactual - Fundo de Investimento Imobiliario (FII) - Edifício Castelo,,BMFBOVESPA,Equity REIT,Office,Brazil,,,,,,,,Y,,,,,,
298,BNFS11,Oliveira Trust - Fundo de Investimento Imobiliario (FII) - Banrisul Novas Fronteiras,,BMFBOVESPA,Equity REIT,Retail,Brazil,,,,,,,,,,,Y,,,
299,FCFL11,BTG Pactual - Fundo de Investimento Imobiliario (FII) - Campus Faria Lima,,BMFBOVESPA,Equity REIT,Specialty,Brazil,,,,,,,,,,,,,,Y
300,FEXC11,BTG Pactual - Fundo de Investimento Imobiliario (FII) - BTG Pactual Fundo de CRI,,BMFBOVESPA,Equity REIT,Retail,Brazil,,,,,,,,,,,Y,,,
301,FVBI11,BTG Pactual - Fundo de Investimento Imobiliario (FII) - Fundo VBI FL 4440,,BMFBOVESPA,Equity REIT,Office,Brazil,,,,,,,,Y,,,,,,
302,GWIC11,BTG Pactual - Fundo de Investimento Imobiliario (FII) - GWI Condomínios Logísticos,,BMFBOVESPA,Equity REIT,Industrial,Brazil,,,,,Y,,,,,,,,,
303,HCRI11,BTG Pactual - Fundo de Investimento Imobiliario (FII) - Hospital da Criança,,BMFBOVESPA,Equity REIT,Industrial,Brazil,,,,,Y,,,,,,,,,
304,MBRF11,Rio Bravo - Fundo de Investimento Imobiliario (FII) - Mercantil do Brasil,,BMFBOVESPA,Equity REIT,Retail,Brazil,,,,,,,,,,,Y,,,
305,ONEF11,Rio Bravo - Fundo de Investimento Imobiliario (FII) - The One,,BMFBOVESPA,Equity REIT,Office,Brazil,,,,,,,,Y,,,,,,
306,RBCB11,Rio Bravo - Fundo de Investimento Imobiliario (FII) - Rio Bravo Crédito Imobiliário I,,BMFBOVESPA,Equity REIT,Diversified,Brazil,,Y,,,,,,,,,,,,
307,RBVO11,Rio Bravo - Fundo de Investimento Imobiliario (FII) - Rio Bravo Crédito Imobiliário II,,BMFBOVESPA,Equity REIT,Diversified,Brazil,,Y,,,,,,,,,,,,
308,RNGO11,Rio Bravo - Fundo de Investimento Imobiliario (FII) - Rio Negro,,BMFBOVESPA,Equity REIT,Office,Brazil,,,,,,,,Y,,,,,,
309,SAAG11,Rio Bravo - Fundo de Investimento Imobiliario (FII) - Santander Agências,,BMFBOVESPA,Equity REIT,Retail,Brazil,,,,,,,,,,,Y,,,
310,SDIL11,Rio Bravo - Fundo de Investimento Imobiliario (FII) - SDI Rio Bravo Renda Logística,,BMFBOVESPA,Equity REIT,Industrial,Brazil,,,,,Y,,,,,,,,,
311,SFND11,Rio Bravo - Fundo de Investimento Imobiliario (FII) - São Fernando,,BMFBOVESPA,Equity REIT,Diversified,Brazil,,Y,,,,,,,,,,,,
312,SHPH11,Rio Bravo - Fundo de Investimento Imobiliario (FII) - Shopping Pátio Higienópolis,,BMFBOVESPA,Equity REIT,Retail,Brazil,,,,,,,,,,,Y,,,
313,VERE11,Rio Bravo - Fundo de Investimento Imobiliario (FII) - Vereda,,BMFBOVESPA,Equity REIT,Retail,Brazil,,,,,,,,,,,Y,,,
314,XPCM11,Rio Bravo - Fundo de Investimento Imobiliario (FII) - XP Corporate Macaé,,BMFBOVESPA,Equity REIT,Office,Brazil,,,,,,,,Y,,,,,,
315,ABCP11,Rio Bravo - Fundo de Investimento Imobiliario (FII) Grand Plaza Shopping,,BMFBOVESPA,Equity REIT,Retail,Brazil,,,,,,,,,,,Y,,,
316,AEFI11,Rio Bravo - Fundo de Investimento Imobiliario (FII) - AESPAR,,BMFBOVESPA,Equity REIT,Specialty,Brazil,,,,,,,,,,,,,,Y
317,AGCX11,Rio Bravo - Fundo de Investimento Imobiliario (FII) - Renda Varejo,,BMFBOVESPA,Equity REIT,"Office, Retail",Brazil,,,,,,,,Y,,,Y,,,
318,BMII11,Rio Bravo - Fundo de Investimento Imobiliario (FII) - Brasilio Machado,,BMFBOVESPA,Equity REIT,Office,Brazil,,,,,,,,Y,,,,,,
319,BVAR11,Rio Bravo - Fundo de Investimento Imobiliario (FII) - Brasil Varejo,,BMFBOVESPA,Equity REIT,Office,Brazil,,,,,,,,Y,,,,,,
320,CTXT11,Rio Bravo - Fundo de Investimento Imobiliario (FII) - Centro Têxtil Internacional,,BMFBOVESPA,Equity REIT,Office,Brazil,,,,,,,,Y,,,,,,
321,DRIT11B,Rio Bravo - Fundo de Investimento Imobiliario (FII) - Multigestão Renda Comercial,,BMFBOVESPA,Equity REIT,Office,Brazil,,,,,,,,Y,,,,,,
322,ELDO11B,Rio Bravo - Fundo de Investimento Imobiliario (FII) - Eldorado,,BMFBOVESPA,Equity REIT,Retail,Brazil,,,,,,,,,,,Y,,,
323,FFCI11,Rio Bravo - Fundo de Investimento Imobiliario (FII) - Renda Corporativa,,BMFBOVESPA,Equity REIT,Office,Brazil,,,,,,,,Y,,,,,,
324,FVPQ11,Rio Bravo - Fundo de Investimento Imobiliario (FII) - Via Parque,,BMFBOVESPA,Equity REIT,Retail,Brazil,,,,,,,,,,,Y,,,
325,HUSC11,Rio Bravo - Fundo de Investimento Imobiliario (FII) - Hospital Unimed Sul Capixaba,,BMFBOVESPA,Equity REIT,Health Care,Brazil,,,Y,,,,,,,,,,,
326,SBAC,SBA Communications Corporation,5.7,NASDAQ,Equity REIT,Infrastructure,United States,,,,,,Y,,,,,,,,
327,TNT.UN,True North Commercial REIT,,TSX,Equity REIT,Office,Canada,,,,,,,,Y,,,,,,
328,SOT.UN,Slate Office REIT,,TSX,Equity REIT,"Industrial, Office, Retail",Canada,,,,,Y,,,Y,,,Y,,,
329,CRT.UN,Canadian Tire (CT) REIT,,TSX,Equity REIT,"Retail, Industrial",Canada,,,,,Y,,,,,,Y,,,
330,REI.UN,RioCan REIT,,TSX,Equity REIT,Retail,Canada,,,,,,,,,,,Y,,,
331,PLZ.UN,Plaza Retail REIT,,TSX,Equity REIT,Retail,Canada,,,,,,,,,,,Y,,,
332,SRU.UN,SmartCentres REIT,,TSX,Equity REIT,"Residential, Retail",Canada,,,,,,,,,Y,,Y,,,
333,AP.UN,Allied Properties REIT,,TSX,Equity REIT,Office,Canada,,,,,,,,Y,,,,,,
334,D.UN,Dream Office REIT,,TSX,Equity REIT,"Residential, Office, Retail",Canada,,,,,,,,Y,Y,,Y,,,
335,CAR.UN,Canadian Apartment Properties REIT,,TSX,Equity REIT,Residential,Canada,,,,,,,,,Y,,,,,
336,KMP.UN,Killam Apartment REIT,,TSX,Equity REIT,Residential,Canada,,,,,,,,,Y,,,,,
337,IIP.UN,InterRent REIT,,TSX,Equity REIT,Residential,Canada,,,,,,,,,Y,,,,,
338,MRG.UN,Morguard North American Residential REIT,,TSX,Equity REIT,Residential,Canada,,,,,,,,,Y,,,,,
339,RUF.UN,Pure Multi-Family REIT LP,,TSX,Equity REIT,Residential,Canada,,,,,,,,,Y,,,,,
340,CSH.UN,Chartwell Retirement Residences REIT,,TSX,Equity REIT,Health Care,Canada,,,Y,,,,,,,,,,,
341,NWH.UN,NorthWest Healthcare Properties REIT,,TSX,Equity REIT,Health Care,Canada,,,Y,,,,,,,,,,,
342,NXR.UN,Nexus Real Estate Investment Trust,,TSX,Equity REIT,"Industrial, Office, Retail",Canada,,,,,Y,,,Y,,,Y,,,
343,DIR.UN,Dream Industrial REIT,,TSX,Equity REIT,Industrial,Canada,,,,,Y,,,,,,,,,
344,GRT.UN,Granite REIT,,TSX,Equity REIT,Industrial,Canada,,,,,Y,,,,,,,,,
345,SMU.UN,Summit Industrial Income REIT,,TSX,Equity REIT,Industrial,Canada,,,,,Y,,,,,,,,,
346,HOT.UN,American Hotel Income Properties REIT LP,,TSX,Equity REIT,Hotel,Canada,,,,Y,,,,,,,,,,
347,APR.UN,Automotive Properties REIT,,TSX,Equity REIT,Retail,Canada,,,,,,,,,,,Y,,,
348,BPY.UN,Brookfield Property Partners LP,,TSX,Equity REIT,"Diversified, Health Care, Hotel, Industrial, Infrastructure, Office, Residential, Self Storage, Specialty",Canada,,Y,Y,Y,Y,Y,,Y,Y,,,Y,,
349,DRA.UN,Dream Hard Asset Alternatives Trust,,TSX,Equity REIT,"Diversified, Infrastructure, Mortgage, Specialty",Canada,,Y,,,,Y,Y,,,,,,,Y
350,SRT.UN,Slate Retail REIT,,TSX,Equity REIT,Retail,Canada,,,,,,,,,,,Y,,,
351,BBU.UN,Brookfield Business Partners LP,,TSX,Equity REIT,Diversified,Canada,,Y,,,,,,,,,,,,
352,SITC,SITE Centers Corp,6.2,NYSE,Equity REIT,Retail,United States,,,,,,,,,,,Y,,,
353,IVQ.U,Invesque Inc.,,TSX,Equity REIT,Health Care,Canada,,,Y,,,,,,,,,,,
354,DR,Medical Facilities Corporation,,TSX,Equity REIT,Health Care,Canada,,,Y,,,,,,,,,,,
355,AEWU,AEW UK REIT Plc,,LSE,Equity REIT,"Industrial, Office, Retail",United Kingdom,,,,,Y,,,Y,,,Y,,,
356,AGR,Assura PLC,,LSE,Equity REIT,Health Care,United Kingdom,,,Y,,,,,,,,,,,
357,BYG,Big Yellow Group Plc,,LSE,Equity REIT,Self Storage,United Kingdom,,,,,,,,,,,,Y,,
358,BLND,British Land Company Plc,,LSE,Equity REIT,"Office, Retail",United Kingdom,,,,,,,,Y,,,Y,,,
359,CAL,Capital & Regional Plc,,LSE,Equity REIT,Retail,United Kingdom,,,,,,,,,,,Y,,,
360,CREI,Custodian REIT Plc,,LSE,Equity REIT,"Industrial, Office, Retail",United Kingdom,,,,,Y,,,Y,,,Y,,,
361,DLN,Derwent London Plc,,LSE,Equity REIT,Office,United Kingdom,,,,,,,,Y,,,,,,
362,DRIP,Drum Income Plus REIT Plc,,LSE,Equity REIT,"Office, Retail",United Kingdom,,,,,,,,Y,,,Y,,,
363,EPIC,Ediston Property Investment Co Plc,,LSE,Equity REIT,"Industrial, Office, Retail",United Kingdom,,,,,Y,,,Y,,,Y,,,
364,ESP,Empiric Student Property plc,,LSE,Equity REIT,"Residential, Specialty",Canada,,,,,,,,,Y,,,,,Y
365,DIGS,GCP Student Living PLC,,LSE,Equity REIT,Residential,Canada,,,,,,,,,Y,,,,,
366,GPRO,Glenstone Property Group Plc,,LSE,Equity REIT,"Industrial, Residential, Office, Retail",United Kingdom,,,,,Y,,,Y,Y,,Y,,,
367,GPOR,Great Portland Estates Plc,,LSE,Equity REIT,"Office, Residential, Retail",United Kingdom,,,,,,,,Y,Y,,Y,,,
368,GRIO,Ground Rents Income Fund Plc,,LSE,Equity REIT,Residential,United Kingdom,,,,,,,,,Y,,,,,
369,HMSO,Hammerson Plc,,LSE,Equity REIT,Retail,United Kingdom,,,,,,,,,,,Y,,,
370,HSTN,Hansteen Holdings Plc,,LSE,Equity REIT,"Office, Industrial, Retail, Specialty",United Kingdom,,,,,Y,,,Y,,,Y,,,Y
371,HCFT,Highcroft Investments Plc,,LSE,Equity REIT,"Industrial, Retail, Office, Residential",United Kingdom,,,,,Y,,,Y,Y,,Y,,,
372,IHR,Impact Healthcare REIT Plc,,LSE,Equity REIT,Health Care,United Kingdom,,,Y,,,,,,,,,,,
373,INTU,Intu Properties Plc,,LSE,Equity REIT,Retail,United Kingdom,,,,,,,,,,,Y,,,
374,LSR,The Local Shopping REIT Plc,,LSE,Equity REIT,Retail,United Kingdom,,,,,,,,,,,Y,,,
375,LMP,Londonmetric Property Plc,,LSE,Equity REIT,"Office, Residential, Retail, Specialty, Industrial",United Kingdom,,,,,Y,,,Y,Y,,Y,,,Y
376,MCKS,McKay Securities Plc,,LSE,Equity REIT,"Industrial, Office, Retail",United Kingdom,,,,,Y,,,Y,,,Y,,,
377,MKLW,A & J Mucklow Group Plc,,LSE,Equity REIT,"Industrial, Office, Retail",United Kingdom,,,,,Y,,,Y,,,Y,,,
378,NRR,NewRiver Reit Plc,,LSE,Equity REIT,Retail,United Kingdom,,,,,,,,,,,Y,,,
379,SHED,PACIFIC INDUSTRIAL & LOGISTICS REIT Plc,,LSE,Equity REIT,Industrial,United Kingdom,,,,,Y,,,,,,,,,
380,PHP,Primary Health Properties Plc,,LSE,Equity REIT,Health Care,United Kingdom,,,Y,,,,,,,,,,,
381,RLE,Real Estate Investors Plc,,LSE,Equity REIT,"Residential, Office, Retail",United Kingdom,,,,,,,,Y,Y,,Y,,,
382,RDI,RDI REIT Plc,,LSE,Equity REIT,"Hotel, Office, Retail",United Kingdom,,,,Y,,,,Y,,,Y,,,
383,RGL,Regional REIT Ltd,,LSE,Equity REIT,"Industrial, Office, Retail",United Kingdom,,,,,Y,,,Y,,,Y,,,
384,SGRO,SEGRO Plc,,LSE,Equity REIT,Industrial,United Kingdom,,,,,Y,,,,,,,,,
385,SAFE,Safehold Inc.,7.0,NYSE,Equity REIT,"Diversified, Specialty",United States,,Y,,,,,,,,,,,,Y
386,ZAYO,"Zayo Group Holdings, Inc.",4.6,NYSE,Equity REIT,"Infrastructure, Specialty",United States,,,,,,Y,,,,,,,,Y
387,SREI,Schroder Real Estate Investment Trst Ltd,,LSE,Equity REIT,"Industrial, Office, Retail",United Kingdom,,,,,Y,,,Y,,,Y,,,
388,SHB,Shaftesbury Plc,,LSE,Equity REIT,"Retail, Specialty",United Kingdom,,,,,,,,,,,Y,,,Y
389,SLI,Standard Life Investments Property Income Trust Limited,,LSE,Equity REIT,"Industrial, Office, Retail, Health Care, Residential, Hotel",United Kingdom,,,Y,Y,Y,,,Y,Y,,Y,,,
390,SUPR,Supermarket Income REIT Plc,,LSE,Equity REIT,Retail,United Kingdom,,,,,,,,,,,Y,,,
391,THRL,Target Healthcare REIT,,LSE,Equity REIT,Health Care,United Kingdom,,,Y,,,,,,,,,,,
392,TCSC.L,Town Centre Securities,,LSE,Equity REIT,"Hotel, Office, Retail, Specialty",United Kingdom,,,,Y,,,,Y,,,Y,,,Y
393,GBX,Tritax Big Box REIT Plc,,LSE,Equity REIT,Industrial,United Kingdom,,,,,Y,,,,,,,,,
394,UTG,UNITE Group Plc,,LSE,Equity REIT,Residential,United Kingdom,,,,,,,,,Y,,,,,
395,SMTA,Spirit MTA REIT,,NYSE,Equity REIT,"Retail, Health Care",United States,,,Y,,,,,,,,Y,,,
396,WAFR,Walls and Futures REIT Plc,,LSE,Equity REIT,Residential,United Kingdom,,,,,,,,,Y,,,,,
397,WHR,Warehouse REIT Plc,,LSE,Equity REIT,Industrial,United Kingdom,,,,,Y,,,,,,,,,
398,WKP,Workspace Group Plc,,LSE,Equity REIT,Office,United Kingdom,,,,,,,,Y,,,,,,
399,REF.UN,Canadian Real Estate Investment Trust,,TSX,Equity REIT,"Industrial, Retail, Office",Canada,,,,,Y,,,Y,,,Y,,,
400,FCR,First Capital Realty Inc.,,TSX,Equity REIT,Retail,Canada,,,,,,,,,,,Y,,,
401,WFC,Wall Financial Corporation,,TSX,Equity REIT,"Hotel, Residential",Canada,,,,Y,,,,,Y,,,,,
402,DRM,DREAM Unlimited Corp,,TSX,Equity REIT,Residential,Canada,,,,,,,,,Y,,,,,
403,BPO.PR.N,Brookfield Office Properties Inc.,,TSX,Equity REIT,Office,Canada,,,,,,,,Y,,,,,,
404,AAR,Pure Industrial Real Estate Trust,,TSX,Equity REIT,"Industrial, Office",Canada,,,,,Y,,,Y,,,,,,
405,TPH,Temple Hotels Inc,,TSX,Equity REIT,Hotel,Canada,,,,Y,,,,,,,,,,
406,WIR.U,WPT Industrial Real Estate Investment,,TSX,Equity REIT,Industrial,Canada,,,,,Y,,,,,,,,,
407,GDC,Genesis Land Development Corp.,,TSX,Equity REIT,Residential,,,,,,,,,,Y,,,,,
408,MRD,Melcor Developments Ltd.,,TSX,Equity REIT,"Industrial, Residential, Retail, Office, Specialty",Canada,,,,,Y,,,Y,Y,,Y,,,Y
409,BEK.B,The Becker Milk Co Ltd,,TSX,Equity REIT,Retail,Canada,,,,,,,,,,,Y,,,
410,ICE,Canlan Ice Sports Corp.,,TSX,Equity REIT,Specialty,Canada,,,,,,,,,,,,,,Y
411,CIGI,Colliers International Group Inc.,5.2,TSX,Equity REIT,Specialty,Canada,,,,,,,,,,,,,,Y
412,MPC,Madison Pacific Properties Inc. Class B,,TSX,Equity REIT,"Industrial, Office, Retail",Canada,,,,,Y,,,Y,,,Y,,,
413,MEQ,Mainstreet Equity Corp.,,TSX,Equity REIT,Residential,Canada,,,,,,,,,Y,,,,,
414,EXE.UN,Extendicare Inc,,TSX,Equity REIT,Health Care,Canada,,,Y,,,,,,,,,,,
415,HLC,Holloway Lodging Corp.,,TSX,Equity REIT,Hotel,Canada,,,,Y,,,,,,,,,,
416,SIA,Sienna Senior Living Inc.,,TSX,Equity REIT,Health Care,Canada,,,Y,,,,,,,,,,,
417,SCG,Scentre Group,,ASX,Equity REIT,Retail,Australia,,,,,,,,,,,Y,,,
418,CQR,Charter Hall Retail REIT,,ASX,Equity REIT,"Industrial, Office, Retail",Australia,,,,,Y,,,Y,,,Y,,,
419,VVR,Viva Energy REIT,,ASX,Equity REIT,"Retail, Specialty",Australia,,,,,,,,,,,Y,,,Y
420,NSR,National Storage REIT,,ASX,Equity REIT,Self Storage,Australia,,,,,,,,,,,,Y,,
421,CLW,Charter Hall Long Wale REIT,,ASX,Equity REIT,"Industrial, Office, Retail",Australia,,,,,Y,,,Y,,,Y,,,
422,CIP,Centuria Industrial Reit,,ASX,Equity REIT,Industrial,Australia,,,,,Y,,,,,,,,,
423,ARF,Arena REIT,,ASX,Equity REIT,"Health Care, Specialty",Australia,,,Y,,,,,,,,,,,Y
424,CMA,Centuria Metropolitan REIT,,ASX,Equity REIT,Industrial,Australia,,,,,Y,,,,,,,,,
425,IDR,Industria REIT,,ASX,Equity REIT,Industrial,Australia,,,,,Y,,,,,,,,,
426,CRR,Convenience Retail REIT,,ASX,Equity REIT,"Retail, Specialty",Australia,,,,,,,,,,,Y,,,Y
427,WFD,Westfield Corp Ltd,,ASX,Equity REIT,Retail,Australia,,,,,,,,,,,Y,,,
428,GMG,Goodman Group Ltd.,,ASX,Equity REIT,Industrial,Australia,,,,,Y,,,,,,,,,
429,SGP,Stockland Corporation Limited,,ASX,Equity REIT,"Industrial, Residential, Office, Health Care, Specialty",Australia,,,Y,,Y,,,Y,Y,,,,,Y
430,DXS,DEXUS Property Group,,ASX,Equity REIT,"Industrial, Health Care, Office, Retail",Australia,,,Y,,Y,,,Y,,,Y,,,
431,VCX,Vicinity Centres Ltd,,ASX,Equity REIT,Retail,Australia,,,,,,,,,,,Y,,,
432,MGR,Mirvac Group,,ASX,Equity REIT,Retail,Australia,,,,,,,,,,,Y,,,
433,IOF,Investa Office Fund,,ASX,Equity REIT,Office,Australia,,,,,,,,Y,,,,,,
434,SCP,Shopping Centres Australasia (SCA Property Group),,ASX,Equity REIT,Retail,Australia,,,,,,,,,,,Y,,,
435,CMW,Cromwell Group,,ASX,Equity REIT,"Retail, Office, Industrial",Australia,,,,,Y,,,Y,,,Y,,,
436,BWP,BWP Trust,,ASX,Equity REIT,Retail,Australia,,,,,,,,,,,Y,,,
437,GOZ,Growthpoint Properties Australia Ltd.,,ASX,Equity REIT,"Industrial, Office",Australia,,,,,Y,,,Y,,,,,,
438,ABP,Abacus Property Group,,ASX,Equity REIT,"Industrial, Office, Retail, Self Storage",Australia,,,,,Y,,,Y,,,Y,Y,,
439,AAD,Ardent Leisure Group,,ASX,Equity REIT,"Diversified, Specialty",Australia,,Y,,,,,,,,,,,,Y
440,LEP,ALE Property Group,,ASX,Equity REIT,Specialty,Australia,,,,,,,,,,,,,,Y
441,FET,Folkestone Education Trust,,ASX,Equity REIT,Specialty,Australia,,,,,,,,,,,,,,Y
442,URF,US Masters Residential Property Fund,,ASX,Equity REIT,Residential,Australia,,,,,,,,,Y,,,,,
443,CDP,Carindale Property Trust,,ASX,Equity REIT,Retail,Australia,,,,,,,,,,,Y,,,
444,INA,Ingenia Communities Group,,ASX,Equity REIT,Residential,Australia,,,,,,,,,Y,,,,,
445,RFF,Rural Funds Group,,ASX,Equity REIT,Specialty,Australia,,,,,,,,,,,,,,Y
446,HPI,Hotel Property Investment Ltd.,,ASX,Equity REIT,"Hotel, Retail, Specialty",Australia,,,,Y,,,,,,,Y,,,Y
447,BWR,BlackWall Property Trust,,ASX,Equity REIT,"Office, Retail",Australia,,,,,,,,Y,,,Y,,,
448,8951,Nippon Building Fund Inc,,TSE,Equity REIT,Office,Japan,,,,,,,,Y,,,,,,
449,8952,Japan Real Estate Investment Corporation,,TSE,Equity REIT,Office,Japan,,,,,,,,Y,,,,,,
450,3462,Nomura Real Estate Master Fund Inc,,TSE,Equity REIT,"Industrial, Hotel, Diversified, Office, Residential, Retail",Japan,,Y,,Y,Y,,,Y,Y,,Y,,,
451,8953,Japan Retail Fund Investment Corp,,TSE,Equity REIT,Retail,Japan,,,,,,,,,,,Y,,,
452,8960,United Urban Investment Corp,,TSE,Equity REIT,"Retail, Office, Hotel, Residential, Specialty",Japan,,,,Y,,,,Y,Y,,Y,,,Y
453,3283,Nippon Prologis REIT Inc.,,TSE,Equity REIT,Industrial,Japan,,,,,Y,,,,,,,,,
454,8984,Daiwa House REIT Investment Corp,,TSE,Equity REIT,"Residential, Industrial, Retail",Japan,,,,,Y,,,,Y,,Y,,,
455,8954,Orix JREIT Inc,,TSE,Equity REIT,"Industrial, Office, Retail, Residential, Hotel",Japan,,,,Y,Y,,,Y,Y,,Y,,,
456,3281,GLP J-REIT,,TSE,Equity REIT,Industrial,Japan,,,,,Y,,,,,,,,,
457,3269,Advance Residence Investment Corp,,TSE,Equity REIT,Residential,Japan,,,,,,,,,Y,,,,,
458,8955,Japan Prime Realty Investment Corp,,TSE,Equity REIT,"Office, Retail",Japan,,,,,,,,Y,,,Y,,,
459,3279,Activia Properties Inc,,TSE,Equity REIT,"Office, Retail",Japan,,,,,,,,Y,,,Y,,,
460,8985,Japan Hotel REIT Investment Corp.,,TSE,Equity REIT,Hotel,Japan,,,,Y,,,,,,,,,,
461,8976,Daiwa Office Investment Corp.,,TSE,Equity REIT,Office,,,,,,,,,Y,,,,,,
462,8972,Kenedix Office Investment Corp,,TSE,Equity REIT,"Office, Retail",Japan,,,,,,,,Y,,,Y,,,
463,3309,Sekisui House Reit Inc,,TSE,Equity REIT,"Hotel, Office, Residential, Retail",Japan,,,,Y,,,,Y,Y,,Y,,,
464,3234,Mori Hills REIT Investment Corp,,TSE,Equity REIT,"Office, Residential, Retail",Japan,,,,,,,,Y,Y,,Y,,,
465,8963,Invincible Investment Corp,,TSE,Equity REIT,"Health Care, Hotel, Office, Residential, Specialty",Japan,,,Y,Y,,,,Y,Y,,,,,Y
466,3226,Nippon Accommodations Fund Inc,,TSE,Equity REIT,"Hotel, Residential",Japan,,,,Y,,,,,Y,,,,,
467,8964,Frontier Real Estate Investment Corp,,TSE,Equity REIT,Retail,Japan,,,,,,,,,,,Y,,,
468,3292,AEON REIT Investment Corp,,TSE,Equity REIT,"Infrastructure, Retail",Japan,,,,,,Y,,,,,Y,,,
469,8961,Mori Trust Sogo Reit Inc,,TSE,Equity REIT,"Office, Retail",Japan,,,,,,,,Y,,,Y,,,
470,8967,Japan Logistics Fund Inc,,TSE,Equity REIT,"Infrastructure, Industrial",Japan,,,,,Y,Y,,,,,,,,
471,3249,Industrial & Infrastructure Fund Investment Corp.,,TSE,Equity REIT,"Industrial, Infrastructure",Japan,,,,,Y,Y,,,,,,,,
472,3295,Hulic Reit Inc,,TSE,Equity REIT,"Health Care, Office, Retail, Hotel, Industrial",Japan,,,Y,Y,Y,,,Y,,,Y,,,
473,8987,Japan Excellent Inc,,TSE,Equity REIT,"Office, Residential",Japan,,,,,,,,Y,Y,,,,,
474,3282,Comforia Residential REIT Inc.,,TSE,Equity REIT,Residential,Japan,,,,,,,,,Y,,,,,
475,8957,Tokyu REIT Inc.,,TSE,Equity REIT,"Diversified, Retail, Office",Japan,,Y,,,,,,Y,,,Y,,,
476,8986,Japan Rental Housing Investments Inc.,,TSE,Equity REIT,Residential,Japan,,,,,,,,,Y,,,,,
477,8956,Premier Investment Corp.,,TSE,Equity REIT,"Office, Residential",Japan,,,,,,,,Y,Y,,,,,
478,8968,Fukuoka REIT Corp.,,TSE,Equity REIT,"Office, Residential",Japan,,,,,,,,Y,Y,,,,,
479,3227,MCUBS MidCity Investment Corp.,,TSE,Equity REIT,Office,Japan,,,,,,,,Y,,,,,,
480,8975,Ichigo Office REIT Investment,,TSE,Equity REIT,Office,Japan,,,,,,,,Y,,,,,,
481,3296,NIPPON REIT Investment Corp.,,TSE,Equity REIT,"Office, Residential",Japan,,,,,,,,Y,Y,,,,,
482,3298,Invesco Office J-Reit Inc,,TSE,Equity REIT,Office,Japan,,,,,,,,Y,,,,,,
483,ALMI11,BTG Pactual - Fundo de Investimento Imobiliario (FII) - Torre Almirante,,BMFBOVESPA,Equity REIT,Office,Brazil,,,,,,,,Y,,,,,,
484,ALZR11,BTG Pactual - Fundo de Investimento Imobiliario (FII) - Alianza Trust Renda Imobiliária,,BMFBOVESPA,Equity REIT,Industrial,Brazil,,,,,Y,,,,,,,,,
485,3278,Kenedix Residential Next Investment Corp,,TSE,Equity REIT,Residential,Japan,,,,,,,,,Y,,,,,
486,3287,Hoshino Resorts REIT Inc,,TSE,Equity REIT,"Resorts, Hotel",Japan,,,,Y,,,,,,Y,,,,
487,3453,Kenedix Retail REIT Corp.,,TSE,Equity REIT,Retail,Japan,,,,,,,,,,,Y,,,
488,3466,LaSalle Logiport REIT,,TSE,Equity REIT,"Infrastructure, Industrial",Japan,,,,,Y,Y,,,,,,,,
489,8966,Heiwa Real Estate REIT Inc.,,TSE,Equity REIT,"Office, Residential",Japan,,,,,,,,Y,Y,,,,,
490,8958,Global One Real Estate Investment Corp,,TSE,Equity REIT,Office,Japan,,,,,,,,Y,,,,,,
491,3471,Mitsui Fudosan Logistics Park Inc.,,TSE,Equity REIT,"Industrial, Infrastructure",Japan,,,,,Y,Y,,,,,,,,
492,8977,Hankyu Reit Inc,,TSE,Equity REIT,"Hotel, Office, Retail",Japan,,,,Y,,,,Y,,,Y,,,
493,3478,Mori Trust Hotel Reit Inc,,TSE,Equity REIT,Hotel,Japan,,,,Y,,,,,,,,,,
494,3476,Mirai Corp,,TSE,Equity REIT,"Hotel, Office, Retail, Residential, Industrial",Japan,,,,Y,Y,,,Y,Y,,Y,,,
495,3481,Mitsubishi Estate Logistics REIT Investment Corp,,TSE,Equity REIT,"Industrial, Infrastructure",Japan,,,,,Y,Y,,,,,,,,
496,3468,Star Asia Investment Corp,,TSE,Equity REIT,"Industrial, Office, Residential, Retail",Japan,,,,,Y,,,Y,Y,,Y,,,
497,3290,One REIT Inc.,,TSE,Equity REIT,"Office, Retail",Japan,,,,,,,,Y,,,Y,,,
498,3459,Samty Residential Investment Corp,,TSE,Equity REIT,Residential,Japan,,,,,,,,,Y,,,,,
499,8979,Starts Proceed Investment Corp,,TSE,Equity REIT,Residential,Japan,,,,,,,,,Y,,,,,
500,3463,Ichigo Hotel REIT Investment Corp,,TSE,Equity REIT,Hotel,Japan,,,,Y,,,,,,,,,,
501,3473,Sakura Sogo REIT Investment Corp,,TSE,Equity REIT,"Retail, Office, Residential",Japan,,,,,,,,Y,Y,,Y,,,
502,3487,CRE Logistics REIT Inc,,TSE,Equity REIT,Industrial,Japan,,,,,Y,,,,,,,,,
503,3451,Tosei Reit Investment Corp,,TSE,Equity REIT,"Office, Retail, Residential",Japan,,,,,,,,Y,Y,,Y,,,
504,3488,XYMAX REIT Investment Corp,,TSE,Equity REIT,"Office, Residential, Retail, Hotel",Japan,,,,Y,,,,Y,Y,,Y,,,
505,3455,Health Care & Medical Investment Corp,,TSE,Equity REIT,Health Care,Japan,,,Y,,,,,,,,,,,
506,3472,Ooedo Onsen Reit Investment Corp,,TSE,Equity REIT,Specialty,Japan,,,,,,,,,,,,,,Y
507,3470,Marimo Regional Revitalization REIT Inc,,TSE,Equity REIT,"Hotel, Residential, Retail, Office",Japan,,,,Y,,,,Y,Y,,Y,,,
508,3308,Nippon Healthcare Investment Corp,,TSE,Equity REIT,"Health Care, Residential",Japan,,,Y,,,,,,Y,,,,,
509,CNNU,Cromwell European Real Estate Investment Trust,,SGX,Equity REIT,"Industrial, Office",Singapore,,,,,Y,,,Y,,,,,,
510,UD1U,IREIT Global,,SGX,Equity REIT,Office,Singapore,,,,,,,,Y,,,,,,
511,O5RU,AIMS AMP Capital Industrial REIT,,SGX,Equity REIT,Office,Singapore,,,,,,,,Y,,,,,,
512,A68U,Ascott Residence Trust,,SGX,Equity REIT,Hotel,Singapore,,,,Y,,,,,,,,,,
513,BMGU,BHG Retail REIT,,SGX,Equity REIT,Retail,Singapore,,,,,,,,,,,Y,,,
514,K2LU,Cache Logistics Trust,,SGX,Equity REIT,Industrial,Singapore,,,,,Y,,,,,,,,,
515,C61U,CapitaLand Commercial Trust,,SGX,Equity REIT,Office,Singapore,,,,,,,,Y,,,,,,
516,C38U,CapitaLand Mall Trust,,SGX,Equity REIT,Retail,Singapore,,,,,,,,,,,Y,,,
517,AU8U,CapitaLand Retail China Trust,,SGX,Equity REIT,Retail,Singapore,,,,,,,,,,,Y,,,
518,BWCU,EC World Real Estate Investment Trust,,SGX,Equity REIT,"Industrial, Infrastructure",Singapore,,,,,Y,Y,,,,,,,,
519,J91U,ESR-REIT,,SGX,Equity REIT,"Industrial, Office",Singapore,,,,,Y,,,Y,,,,,,
520,AW9U,First Real Estate Investment Trust,,SGX,Equity REIT,Office,Singapore,,,,,,,,Y,,,,,,
521,F25U,Fortune REIT,,SGX,Equity REIT,Retail,Singapore,,,,,,,,,,,Y,,,
522,ND8U,Frasers Commercial Trust,,SGX,Equity REIT,Office,Singapore,,,,,,,,Y,,,,,,
523,J69U,Frasers Centrepoint Trust,,SGX,Equity REIT,Retail,Singapore,,,,,,,,,,,Y,,,
524,BUOU,Frasers Logistics & Industrial Trust,,SGX,Equity REIT,"Industrial, Infrastructure",Singapore,,,,,Y,Y,,,,,,,,
525,A17U,Ascendas Real Estate Investment Trust,,SGX,Equity REIT,"Industrial, Office, Retail",Singapore,,,,,Y,,,Y,,,Y,,,
526,CMOU,Keppel-KBS US REIT,,SGX,Equity REIT,Office,Singapore,,,,,,,,Y,,,,,,
527,AJBU,Keppel DC REIT,,SGX,Equity REIT,Data Centers,Singapore,Y,,,,,,,,,,,,,
528,K71U,Keppel REIT,,SGX,Equity REIT,Office,Singapore,,,,,,,,Y,,,,,,
529,D5IU,Lippo Malls Indonesia Retail Trust,,SGX,Equity REIT,Retail,Singapore,,,,,,,,,,,Y,,,
530,BTOU,Manulife US Real Estate Investment Trust,,SGX,Equity REIT,Office,Singapore,,,,,,,,Y,,,,,,
531,N2IU,Mapletree Commercial Trust,,SGX,Equity REIT,"Retail, Office",Singapore,,,,,,,,Y,,,Y,,,
532,ME8U,Mapletree Industrial Trust,,SGX,Equity REIT,"Industrial, Office",Singapore,,,,,Y,,,Y,,,,,,
533,M44U,Mapletree Logistics Trust,,SGX,Equity REIT,"Industrial, Infrastructure",Singapore,,,,,Y,Y,,,,,,,,
534,RW0U,Mapletree North Asia Commercial Trust,,SGX,Equity REIT,Office,Singapore,,,,,,,,Y,,,,,,
535,TS0U,OUE Commercial Real Estate Investment Trust,,SGX,Equity REIT,Office,Singapore,,,,,,,,Y,,,,,,
536,C2PU,Parkway Life Real Estate Investment Trust,,SGX,Equity REIT,Health Care,Singapore,,,Y,,,,,,,,,,,
537,M1GU,Sabana Shari'ah Compliant Industrial Real Estate Investment Trust,,SGX,Equity REIT,"Industrial, Office",Singapore,,,,,Y,,,Y,,,,,,
538,CRPU,Sasseur Real Estate Investment Trust,,SGX,Equity REIT,Retail,Singapore,,,,,,,,,,,Y,,,
539,SV3U,Soilbuild Business Space REIT,,SGX,Equity REIT,"Industrial, Office",Singapore,,,,,Y,,,Y,,,,,,
540,SK6U,SPH REIT,,SGX,Equity REIT,Retail,Singapore,,,,,,,,,,,Y,,,
541,P40U,Starhill Global Real Estate Investment Trust,,SGX,Equity REIT,Retail,Singapore,,,,,,,,,,,Y,,,
542,T82U,Suntec Real Estate Investment Trust,,SGX,Equity REIT,Retail,Singapore,,,,,,,,,,,Y,,,
543,HAB,HAMBORNER REIT AG,,XETRA,Equity REIT,"Office, Retail",Germany,,,,,,,,Y,,,Y,,,
544,AOX,Alstria office REIT,,XETRA,Equity REIT,Office,Germany,,,,,,,,Y,,,,,,
545,FVI,Fair Value REIT-AG,,XETRA,Equity REIT,"Office, Retail",Germany,,,,,,,,Y,,,Y,,,
546,DKG,Deutsche Konsum REIT-AG,,XETRA,Equity REIT,Retail,Germany,,,,,,,,,,,Y,,,
547,JB7,Deutsche Industrie REIT-AG,,XETRA,Equity REIT,Industrial,Germany,,,,,Y,,,,,,,,,
548,MRL,"Merlin Properties SOCIMI, S.A",,BME,Equity REIT,"Hotel, Industrial, Office, Retail",Spain,,,,Y,Y,,,Y,,,Y,,,
549,YORE,Olimpo Real Estate SOCIMI,,BME,Equity REIT,Retail,Spain,,,,,,,,,,,Y,,,
550,COL,Inmobiliaria Colonial SOCIMI SA,,BME,Equity REIT,"Office, Retail, Diversified",Spain,,Y,,,,,,Y,,,Y,,,
551,RLIA,REALIA Business,,BME,Equity REIT,"Residential, Office, Retail, Specialty",Spain,,,,,,,,Y,Y,,Y,,,Y
552,YAML,"AM Locales Property Socimi, S.A.",,BME,Equity REIT,Retail,Spain,,,,,,,,,,,Y,,,
553,YAP67,"AP67 SOCIMI, S.A",,BME,Equity REIT,"Residential, Retail",Spain,,,,,,,,,Y,,Y,,,
554,AFIN,"American Finance Trust, Inc.",5.7,NASDAQ,Equity REIT,"Retail, Industrial, Office",United States,,,,,Y,,,Y,,,Y,,,
555,DTLA,Brookfield DTLA Fund Office Trust Investor Inc.,,NYSE,Equity REIT,Office,,,,,,,,,Y,,,,,,
556,FUNO11,Fibra Uno Administracion REIT SA De CV,,BMV,Equity REIT,"Industrial, Retail, Office",Mexico,,,,,Y,,,Y,,,Y,,,
557,TERRA13,Terrafina S.A. de CV REIT,,BMV,Equity REIT,Industrial,Mexico,,,,,Y,,,,,,,,,
558,FIBRHD15,Fibra Hd,,BMV,Equity REIT,"Industrial, Office, Retail, Specialty",Mexico,,,,,Y,,,Y,,,Y,,,Y
559,DS,Drive Shack Inc.,3.9,NYSE,Equity REIT,"Specialty, Diversified",United States,,Y,,,,,,,,,,,,Y
560,COLD,Americold Realty Trust,6.9,NYSE,Equity REIT,"Industrial, Specialty",United States,,,,,Y,,,,,,,,,Y
561,FIBRAMQ12,Macquarie Mexico Real Estate Management SA de CV,,BMV,Equity REIT,"Industrial, Office, Retail",Mexico,,,,,Y,,,Y,,,Y,,,
562,FIBRAPL14,Fibra Prologis,,BMV,Equity REIT,Industrial,Mexico,,,,,Y,,,,,,,,,
563,FIHO12,Fibra Hotelera Mexicana SA de CV,,BMV,Equity REIT,Hotel,Mexico,,,,Y,,,,,,,,,,
564,DANHOS13,Concentradora Fibra Danhos SA de CV,,BMV,Equity REIT,"Retail, Office",Mexico,,,,,,,,Y,,,Y,,,
565,FSHOP13,Fibra Shop,,BMV,Equity REIT,Retail,Mexico,,,,,,,,,,,Y,,,
566,FMTY14,Fibra Mty,,BMV,Equity REIT,"Industrial, Hotel, Retail",Mexico,,,,Y,Y,,,,,,Y,,,
567,FINN13,Fibra Inn,,BMV,Equity REIT,"Hotel, Resorts",Mexico,,,,Y,,,,,,Y,,,,
568,FPLUS16,Fibra Plus,,BMV,Equity REIT,"Office, Residential, Retail, Industrial",Mexico,,,,,Y,,,Y,Y,,Y,,,
569,FNOVA17,FIBRA NOVA,,BMV,Equity REIT,Industrial,Mexico,,,,,Y,,,,,,,,,
570,COFB,Cofinimmo REIT SA,,EURONEXT,Equity REIT,"Health Care, Office, Industrial",Belgium,,,Y,,Y,,,Y,,,,,,
571,RET,Retail Estates REIT NV,,EURONEXT,Equity REIT,Retail,Belgium,,,,,,,,,,,Y,,,
572,WDP,WDP REIT Warehouse & Distribution DE PAU,,EURONEXT,Equity REIT,Industrial,Belgium,,,,,Y,,,,,,,,,
573,AED,Aedifica REIT SA,,EURONEXT,Equity REIT,"Health Care, Hotel, Residential",Belgium,,,Y,Y,,,,,Y,,,,,
574,BEFB,Befimmo REIT SCA SA,,EURONEXT,Equity REIT,Office,Belgium,,,,,,,,Y,,,,,,
575,INTO,Intervest Offices & Warehouses NV,,EURONEXT,Equity REIT,"Industrial, Office",Belgium,,,,,Y,,,Y,,,,,,
576,LEAS,Leasinvest Real Estate SCA,,EURONEXT,Equity REIT,"Office, Retail, Industrial",Belgium,,,,,Y,,,Y,,,Y,,,
577,WEHB,Wereldhave Belgium CVA REIT,,EURONEXT,Equity REIT,"Office, Retail",Belgium,,,,,,,,Y,,,Y,,,
578,XIOR,Xior Student Housing NV REIT,,EURONEXT,Equity REIT,Residential,Belgium,,,,,,,,,Y,,,,,
579,HOMI,Home Invest Belgium S.A.,,EURONEXT,Equity REIT,Residential,Belgium,,,,,,,,,Y,,,,,
580,IMMOU,Immo Moury SCA,,EURONEXT,Equity REIT,"Office, Industrial",Belgium,,,,,Y,,,Y,,,,,,
581,ASC,Ascencio REIT SCA,,EURONEXT,Equity REIT,Retail,Belgium,,,,,,,,,,,Y,,,
582,CPINV,Care Property Invest REIT NV,,EURONEXT,Equity REIT,Health Care,Belgium,,,Y,,,,,,,,,,,
583,MONT,Montea REIT CVA,,EURONEXT,Equity REIT,Industrial,Belgium,,,,,Y,,,,,,,,,
584,QRF,Qrf City Retail REIT,,EURONEXT,Equity REIT,Retail,Belgium,,,,,,,,,,,Y,,,
585,VASTB,Vastned Retail Belgium REIT,,EURONEXT,Equity REIT,Retail,Belgium,,,,,,,,,,,Y,,,
586,WEB,Warehouses Estates Belgium SCA,,EURONEXT,Equity REIT,"Office, Retail, Industrial, Residential",Belgium,,,,,Y,,,Y,Y,,Y,,,
587,405,Yuexiu Real Estate Investment Trust,,HKG,Equity REIT,"Office, Residential, Retail, Specialty",China,,,,,,,,Y,Y,,Y,,,Y
588,1426,Spring Real Estate Investment Trust,,HKG,Equity REIT,"Office, Residential, Hotel, Hotel",China,,,,Y,,,,Y,Y,,,,,
589,UL,Unibail-Rodamco SE,,EPA,Equity REIT,"Office, Retail, Specialty",France,,,,,,,,Y,,,Y,,,Y
590,GFC,Gecina SA,,EPA,Equity REIT,"Office, Residential",France,,,,,,,,Y,Y,,,,,
591,LI,Klepierre REIT SA,,EPA,Equity REIT,Retail,France,,,,,,,,,,,Y,,,
592,COV,Covivio,,EPA,Equity REIT,"Hotel, Office, Residential, Health Care",France,,,Y,Y,,,,Y,Y,,,,,
593,ICAD,Icade REIT SA,,EPA,Equity REIT,"Office, Residential, Health Care, Retail, Specialty, Diversified",France,,Y,Y,,,,,Y,Y,,Y,,,Y
594,MERY,Mercialys REIT S.A.,,EPA,Equity REIT,Retail,France,,,,,,,,,,,Y,,,
595,CARM,Carmila REIT SA,,EPA,Equity REIT,Retail,France,,,,,,,,,,,Y,,,
596,ALTA,Altarea Cogedim SCA,,EPA,Equity REIT,"Residential, Office, Retail",France,,,,,,,,Y,Y,,Y,,,
597,ECMPA,Eurocommercial Properties N.V.,,AMS,Equity REIT,Retail,Netherlands,,,,,,,,,,,Y,,,
598,WHA,Wereldhave N.V.,,AMS,Equity REIT,Retail,Netherlands,,,,,,,,,,,Y,,,
599,NSI,NIEUWE STEEN INVESTMENTS (NSI) N.V.,,AMS,Equity REIT,Office,Netherlands,,,,,,,,Y,,,,,,
600,GN1,Green REIT PLC,,ISE,Equity REIT,"Industrial, Office, Retail",Ireland,,,,,Y,,,Y,,,Y,,,
601,HBRN,Hibernia REIT plc,,ISE,Equity REIT,"Industrial, Office, Residential",Ireland,,,,,Y,,,Y,Y,,,,,
602,IRES,Irish Residential Properties REIT plc,,ISE,Equity REIT,Residential,Ireland,,,,,,,,,Y,,,,,
603,BNS,Beni Stabili SpA SIIQ,,BIT,Equity REIT,"Office, Retail",Italy,,,,,,,,Y,,,Y,,,
604,IGD,Immobiliare Grande Distribuzion (IDG) SIIQ SpA,,BIT,Equity REIT,"Retail, Office",Italy,,,,,,,,Y,,,Y,,,
605,CPLG,CorePoint Lodging Inc.,6.1,NYSE,Equity REIT,Hotel,United States,,,,Y,,,,,,,,,,
606,GBCS,"Global Healthcare REIT, Inc.",3.9,OTCMKTS,Equity REIT,Health Care,United States,,,Y,,,,,,,,,,,
607,IOR,Income Opportunity Realty Trust,5.2,NYSE,Equity REIT,"Office, Residential",United States,,,,,,,,Y,Y,,,,,
608,ILPT,Industrial Logistics Properties Trust,6.9,NASDAQ,Equity REIT,Industrial,United States,,,,,Y,,,,,,,,,
609,HTMX11,BTG Pactual - Fundo de Investimento Imobiliario (FII) - Hotel Maxinvest,,BMFBOVESPA,Equity REIT,Hotel,Brazil,,,,Y,,,,,,,,,,
610,RVI,Retail Value Inc.,5.1,NYSE,Equity REIT,Retail,United States,,,,,,,,,,,Y,,,
611,PCFO,"Pacific Office Properties Trust, Inc.",,OTCMKTS,Equity REIT,Office,United States,,,,,,,,Y,,,,,,
612,PRLE,Pillarstone Capital REIT,5.4,OTCMKTS,Equity REIT,"Office, Retail",United States,,,,,,,,Y,,,Y,,,
613,RSRT,"RealSource Residential, Inc",,OTCMKTS,Equity REIT,Residential,United States,,,,,,,,,Y,,,,,
614,TCI,"Transcontinental Realty Investors, Inc.",2.5,NYSE,Equity REIT,"Office, Specialty, Residential",United States,,,,,,,,Y,Y,,,,,Y
615,TALR,Talon Real Estate Holding Corp.,,OTCMKTS,Equity REIT,"Industrial, Retail, Office",United States,,,,,Y,,,Y,,,Y,,,
616,RHE,"Regional Health Properties,Inc.",3.3,NYSE,Equity REIT,Health Care,United States,,,Y,,,,,,,,,,,
617,IRDM11,BTG Pactual - Fundo de Investimento Imobiliario (FII) - Iridium Recebíveis Imobiliários,,BMFBOVESPA,Equity REIT,Diversified,Brazil,,Y,,,,,,,,,,,,
618,JRDM11,BTG Pactual - Fundo de Investimento Imobiliario (FII) - Shopping Jardim Sul,,BMFBOVESPA,Equity REIT,Retail,Brazil,,,,,,,,,,,Y,,,
619,MAXR11,BTG Pactual - Fundo de Investimento Imobiliario (FII) - Max Retail,,BMFBOVESPA,Equity REIT,Retail,Brazil,,,,,,,,,,,Y,,,
620,MGFF11,BTG Pactual - Fundo de Investimento Imobiliario (FII) - Mogno Fundo de Fundos,,BMFBOVESPA,Equity REIT,Diversified,Brazil,,Y,,,,,,,,,,,,
621,NCHB11,BTG Pactual - Fundo de Investimento Imobiliario (FII) - NCH Brasil Recebíveis Imobiliários,,BMFBOVESPA,Equity REIT,Diversified,Brazil,,Y,,,,,,,,,,,,
622,NSLU11,BTG Pactual - Fundo de Investimento Imobiliario (FII) - Hospital Nossa Senhora de Lourdes,,BMFBOVESPA,Equity REIT,Hotel,Brazil,,,,Y,,,,,,,,,,
623,PQDP11,BTG Pactual - Fundo de Investimento Imobiliario (FII) - Parque Dom Pedro Shopping Center,,BMFBOVESPA,Equity REIT,Retail,Brazil,,,,,,,,,,,Y,,,
624,RBRF11,BTG Pactual - Fundo de Investimento Imobiliario (FII) - RBR Alpha Fundo de Fundos,,BMFBOVESPA,Equity REIT,Diversified,Brazil,,Y,,,,,,,,,,,,
625,RBRR11,BTG Pactual - Fundo de Investimento Imobiliario (FII) - RBR Rendimentos High Grade,,BMFBOVESPA,Equity REIT,Diversified,Brazil,,Y,,,,,,,,,,,,
626,SHDP11B,BTG Pactual - Fundo de Investimento Imobiliario (FII) - Shopping Parque Dom Pedro,,BMFBOVESPA,Equity REIT,Retail,Brazil,,,,,,,,,,,Y,,,
627,TBOF11,BTG Pactual - Fundo de Investimento Imobiliario (FII) - TB Office,,BMFBOVESPA,Equity REIT,Office,Brazil,,,,,,,,Y,,,,,,
628,THRA11,BTG Pactual - Fundo de Investimento Imobiliario (FII) - BM Cyrela Thera Corporate,,BMFBOVESPA,Equity REIT,Office,Brazil,,,,,,,,Y,,,,,,
629,TRNT11,BTG Pactual - Fundo de Investimento Imobiliario (FII) - Torre Norte,,BMFBOVESPA,Equity REIT,Office,Brazil,,,,,,,,Y,,,,,,
630,VGIR11,BTG Pactual - Fundo de Investimento Imobiliario (FII) - VALORA RE III,,BMFBOVESPA,Equity REIT,Diversified,Brazil,,Y,,,,,,,,,,,,
631,WPLZ11,BTG Pactual - Fundo de Investimento Imobiliario (FII) - West Plaza,,BMFBOVESPA,Equity REIT,Retail,Brazil,,,,,,,,,,,Y,,,
632,XPML11,BTG Pactual - Fundo de Investimento Imobiliario (FII) - XP Malls,,BMFBOVESPA,Equity REIT,Retail,Brazil,,,,,,,,,,,Y,,,
633,XTED11,BTG Pactual - Fundo de Investimento Imobiliario (FII) - TRX Edifícios Corporativos,,BMFBOVESPA,Equity REIT,Office,Brazil,,,,,,,,Y,,,,,,
634,EDFO11B,Oliveira Trust - Fundo de Investimento Imobiliario (FII) - Edificio Ourinvest,,BMFBOVESPA,Equity REIT,Office,Brazil,,,,,,,,Y,,,,,,
635,FIIP11B,Oliveira Trust - Fundo de Investimento Imobiliario (FII) - RB Capital Renda I,,BMFBOVESPA,Equity REIT,Industrial,Brazil,,,,,Y,,,,,,,,,
636,FIVN11,Oliveira Trust - Fundo de Investimento Imobiliario (FII) - Vida Nova,,BMFBOVESPA,Equity REIT,Retail,Brazil,,,,,,,,,,,Y,,,
637,GESE11,Oliveira Trust - General Severiano - Fundo de Investimento Imobiliario (FII),,BMFBOVESPA,Equity REIT,Industrial,Brazil,,,,,Y,,,,,,,,,
638,LATR11B,Oliveira Trust - Fundo de Investimento Imobiliario (FII) - Lateres,,BMFBOVESPA,Equity REIT,Diversified,Brazil,,Y,,,,,,,,,,,,
639,PLRI11,Oliveira Trust - Fundo de Investimento Imobiliario (FII) - Polo,,BMFBOVESPA,Equity REIT,Diversified,Brazil,,Y,,,,,,,,,,,,
640,PORD11,Oliveira Trust - Fundo de Investimento Imobiliario (FII) - Polo CRI,,BMFBOVESPA,Equity REIT,Diversified,Brazil,,Y,,,,,,,,,,,,
641,PRSN11B,Oliveira Trust - Fundo de Investimento Imobiliario (FII) - Personale I,,BMFBOVESPA,Equity REIT,Diversified,Brazil,,Y,,,,,,,,,,,,
642,RBDS11,Oliveira Trust - Fundo de Investimento Imobiliario (FII) - RB Capital Desenvolvimento Residencial II,,BMFBOVESPA,Equity REIT,Diversified,Brazil,,Y,,,,,,,,,,,,
643,RBGS11,Oliveira Trust - Fundo de Investimento Imobiliario (FII) - RB Capital General Shopping Sulacap,,BMFBOVESPA,Equity REIT,Retail,Brazil,,,,,,,,,,,Y,,,
644,RBTS11,Oliveira Trust - RB Capital TFO Situs - Fundo de Investimento Imobiliario (FII),,BMFBOVESPA,Equity REIT,Diversified,Brazil,,Y,,,,,,,,,,,,
645,RCRI11,Oliveira Trust - RB Capital Rendimentos - Fundo de Investimento Imobiliario (FII),,BMFBOVESPA,Equity REIT,Diversified,Brazil,,Y,,,,,,,,,,,,
646,TRXL11,Oliveira Trust - Fundo de Investimento Imobiliario (FII) - TRX Realty Logística Renda I,,BMFBOVESPA,Equity REIT,Industrial,Brazil,,,,,Y,,,,,,,,,
647,VLOL11,Oliveira Trust - Fundo de Investimento Imobiliario (FII) - Vila Olímpia Corporate,,BMFBOVESPA,Equity REIT,Office,Brazil,,,,,,,,Y,,,,,,
648,BBPO11,Votorantim Asset - BB Progressivo II - Fundo de Investimento Imobiliario (FII),,BMFBOVESPA,Equity REIT,Retail,Brazil,,,,,,,,,,,Y,,,
649,BBRC11,Votorantim Asset - Fundo de Investimento Imobiliario (FII) - BB Renda Corporativa,,BMFBOVESPA,Equity REIT,Retail,Brazil,,,,,,,,,,,Y,,,
650,BBVJ11,Votorantim Asset - Fundo de Investimento Imobiliario (FII) - BB Votorantim Cidade Jardim Continental Tower,,BMFBOVESPA,Equity REIT,Office,Brazil,,,,,,,,Y,,,,,,
651,RBRD11,Votorantim Asset - Fundo de Investimento Imobiliario (FII) - RB Capital Renda II,,BMFBOVESPA,Equity REIT,Office,Brazil,,,,,,,,Y,,,,,,
652,RDES11,Votorantim Asset - Renda de Escritórios - Fundo de Investimento Imobiliario (FII),,BMFBOVESPA,Equity REIT,Office,Brazil,,,,,,,,Y,,,,,,
653,RDPD11,Votorantim Asset - Fundo de Investimento Imobiliario (FII) - Fundo BB Renda de Papeis II,,BMFBOVESPA,Equity REIT,Diversified,Brazil,,Y,,,,,,,,,,,,
654,RNDP11,Votorantim Asset - Fundo BB Renda de Papeis - Fundo de Investimento Imobiliario (FII),,BMFBOVESPA,Equity REIT,Diversified,Brazil,,Y,,,,,,,,,,,,
655,VOTS11,Votorantim Asset - Fundo de Investimento Imobiliario (FII) - Votorantim Securities Master,,BMFBOVESPA,Equity REIT,Diversified,Brazil,,Y,,,,,,,,,,,,
656,VPSI11,Votorantim Asset - Fundo de Investimento Imobiliario (FII) - Polo Shopping Indaiatuba,,BMFBOVESPA,Equity REIT,Retail,Brazil,,,,,,,,,,,Y,,,
657,VTLT11,Votorantim Asset - Fundo de Investimento Imobiliario (FII) - Votorantim Logística,,BMFBOVESPA,Equity REIT,Industrial,Brazil,,,,,Y,,,,,,,,,
658,CBOP11,Credit Suisse - Fundo de Investimento Imobiliario (FII) - Castello Branco Office Park,,BMFBOVESPA,Equity REIT,Office,Brazil,,,,,,,,Y,,,,,,
659,GRLV11,Credit Suisse - Fundo de Investimento Imobiliario (FII) - CSHG GR Louveira,,BMFBOVESPA,Equity REIT,Industrial,Brazil,,,,,Y,,,,,,,,,
660,HGCR11,Credit Suisse - Fundo de Investimento Imobiliario (FII) - CSHG Recebiveis Imobiliarios,,BMFBOVESPA,Equity REIT,Diversified,Brazil,,Y,,,,,,,,,,,,
661,HGJH11,Credit Suisse - Fundo de Investimento Imobiliario (FII) - CSHG JHSF Prime Offices,,BMFBOVESPA,Equity REIT,Office,Brazil,,,,,,,,Y,,,,,,
662,HGLG11,Credit Suisse - Fundo de Investimento Imobiliario (FII) - CSHG Logistica,,BMFBOVESPA,Equity REIT,Industrial,Brazil,,,,,Y,,,,,,,,,
663,HGRE11,Credit Suisse - Fundo de Investimento Imobiliario (FII) - CSHG Real Estate,,BMFBOVESPA,Equity REIT,Office,Brazil,,,,,,,,Y,,,,,,
664,HGRU11,Credit Suisse - Fundo de Investimento Imobiliario (FII) - CSHG Renda Urbana,,BMFBOVESPA,Equity REIT,Office,Brazil,,,,,,,,Y,,,,,,
665,RCCS11,Credit Suisse - Fundo de Investimento Imobiliario (FII) - REP 1 CCS,,BMFBOVESPA,Equity REIT,Retail,Brazil,,,,,,,,,,,Y,,,
666,CARE11,Planner Corretora - Brazilian Graveyard and Death Care - Fundo de Investimento Imobiliario (FII),,BMFBOVESPA,Equity REIT,Diversified,Brazil,,Y,,,,,,,,,,,,
667,FINF11,Planner Corretora - Fundo de Investimento Imobiliario (FII) - Infra Real Estate,,BMFBOVESPA,Equity REIT,Industrial,Brazil,,,,,Y,,,,,,,,,
668,JTPR11,Planner Corretora - Fundo de Investimento Imobiliario (FII) - JT PREV Desenvolvimento Habitacional,,BMFBOVESPA,Equity REIT,Diversified,Brazil,,Y,,,,,,,,,,,,
669,MFII11,Planner Corretora - Fundo de Investimento Imobiliario (FII) - Merito Desenvolvimento Imobiliario I,,BMFBOVESPA,Equity REIT,Diversified,Brazil,,Y,,,,,,,,,,,,
670,NPAR11,Planner Corretora - Fundo de Investimento Imobiliario (FII) - NESTPAR,,BMFBOVESPA,Equity REIT,Diversified,Brazil,,Y,,,,,,,,,,,,
671,ORPD11,Planner Corretora - Ouro Preto Desenvolvimento Imobiliario - Fundo de Investimento Imobiliario (FII),,BMFBOVESPA,Equity REIT,Diversified,Brazil,,Y,,,,,,,,,,,,
672,RBRP11,Planner Corretora - Fundo de Investimento Imobiliario (FII) - RBR Properties FII,,BMFBOVESPA,Equity REIT,Diversified,Brazil,,Y,,,,,,,,,,,,
673,VLJS11,Planner Corretora - Fundo de Investimento Imobiliario (FII) - Vector Queluz Lajes Corporativas,,BMFBOVESPA,Equity REIT,Office,Brazil,,,,,,,,Y,,,,,,
674,KFOF11,Intrag DTVM - Fundo de Investimento Imobiliario (FII) - Kinea Fundo de Fundos,,BMFBOVESPA,Equity REIT,Diversified,Brazil,,Y,,,,,,,,,,,,
675,KNHY11,Intrag DTVM - Kinea High Yield CRI - Fundo de Investimento Imobiliario (FII),,BMFBOVESPA,Equity REIT,Diversified,Brazil,,Y,,,,,,,,,,,,
676,KINP11,Intrag DTVM - Fundo de Investimento Imobiliario (FII) - Even Permuta Kinea,,BMFBOVESPA,Equity REIT,Diversified,Brazil,,Y,,,,,,,,,,,,
677,KNCR11,Intrag DTVM - Kinea Rendimentos Imobiliarios FII - Fundo de Investimento Imobiliario (FII),,BMFBOVESPA,Equity REIT,Diversified,Brazil,,Y,,,,,,,,,,,,
678,KNIP11,Intrag DTVM - Kinea Indices de Preços - Fundo de Investimento Imobiliario (FII),,BMFBOVESPA,Equity REIT,Diversified,Brazil,,Y,,,,,,,,,,,,
679,KNRE11,Intrag DTVM - Fundo de Investimento Imobiliario (FII) - Kinea II Real Estate Equity,,BMFBOVESPA,Equity REIT,Diversified,Brazil,,Y,,,,,,,,,,,,
680,KNRI11,Intrag DTVM - Kinea Renda Imobiliaria - Fundo de Investimento Imobiliario (FII),,BMFBOVESPA,Equity REIT,Office,Brazil,,,,,,,,Y,,,,,,
681,ATSA11,Hedge Investments - Fundo de Investimento Imobiliario (FII) - Hedge Atrium Shopping Santo Andre,,BMFBOVESPA,Equity REIT,Retail,Brazil,,,,,,,,,,,Y,,,
682,FOFT11,Hedge Investments - Fundo de Investimento Imobiliario (FII) - Hedge TOP FOFII 2,,BMFBOVESPA,Equity REIT,Diversified,Brazil,,Y,,,,,,,,,,,,
683,HFOF11,Hedge Investments - Fundo de Investimento Imobiliario (FII) - Hedge TOP FOFII 3,,BMFBOVESPA,Equity REIT,Diversified,Brazil,,Y,,,,,,,,,,,,
684,HGBS11,Hedge Investments - CSHG Brasil Shopping - Fundo de Investimento Imobiliario (FII),,BMFBOVESPA,Equity REIT,Retail,Brazil,,,,,,,,,,,Y,,,
685,HMOC11,Hedge Investments - Fundo de Investimento Imobiliario (FII) - Hedge Shopping Praça da Moça,,BMFBOVESPA,Equity REIT,Office,Brazil,,,,,,,,Y,,,,,,
686,TFOF11,Hedge Investments - Hedge TOP FOFII - Fundo de Investimento Imobiliario (FII),,BMFBOVESPA,Equity REIT,Diversified,Brazil,,Y,,,,,,,,,,,,
687,CXCE11B,Caixa Economica Federal - Fundo de Investimento Imobiliario (FII) - Caixa Cedae,,BMFBOVESPA,Equity REIT,Office,Brazil,,,,,,,,Y,,,,,,
688,CXRI11,Caixa Economica Federal - Fundo de Investimento Imobiliario (FII) - Caixa Rio Bravo Fundo de Fundos,,BMFBOVESPA,Equity REIT,Diversified,Brazil,,Y,,,,,,,,,,,,
689,CXTL11,Caixa Economica Federal - Fundo de Investimento Imobiliario (FII) - Caixa TRX Logística Renda,,BMFBOVESPA,Equity REIT,Industrial,Brazil,,,,,Y,,,,,,,,,
690,RBBV11,Caixa Economica Federal - Fundo de Investimento Imobiliario (FII) - JHSF Rio Bravo Fazenda Boa Vista,,BMFBOVESPA,Equity REIT,Diversified,Brazil,,Y,,,,,,,,,,,,
691,EURO11,Coinvalores CCVM - Fundo de Investimento Imobiliario (FII) - Europar,,BMFBOVESPA,Equity REIT,Industrial,Brazil,,,,,Y,,,,,,,,,
692,FIIB11,Coinvalores CCVM - Fundo de Investimento Imobiliario (FII) - Industrial do Brasil,,BMFBOVESPA,Equity REIT,Industrial,Brazil,,,,,Y,,,,,,,,,
693,FMOF11,Coinvalores CCVM - Fundo de Investimento Imobiliario (FII) - Memorial Office,,BMFBOVESPA,Equity REIT,Office,Brazil,,,,,,,,Y,,,,,,
694,FPAB11,Coinvalores CCVM - Fundo de Investimento Imobiliario (FII) - Projeto Agua Branca,,BMFBOVESPA,Equity REIT,Office,Brazil,,,,,,,,Y,,,,,,
695,BBFI11B,BTG Pactual - Fundo de Investimento Imobiliario (FII) - BB Progresivo,,BMFBOVESPA,Equity REIT,Retail,Brazil,,,,,,,,,,,Y,,,
696,BCIA11,Banco Bradesco - Fundo de Investimento Imobiliario (FII) - Bradesco Carteira Imobiliária Ativa,,BMFBOVESPA,Equity REIT,Diversified,Brazil,,Y,,,,,,,,,,,,
697,MXRF11,Banco Bradesco - Fundo de Investimento Imobiliario (FII) - Maxi Renda,,BMFBOVESPA,Equity REIT,Diversified,Brazil,,Y,,,,,,,,,,,,
698,BCRI11,Banco Fator - Fundo de Investimento Imobiliario (FII) - Banestes Recebiveis Imobiliarios,,BMFBOVESPA,Equity REIT,Diversified,Brazil,,Y,,,,,,,,,,,,
699,FIXX11,Banco Fator - Fator IFIX - Fundo de Investimento Imobiliario (FII),,BMFBOVESPA,Equity REIT,Diversified,Brazil,,Y,,,,,,,,,,,,
700,VRTA11,Banco Fator - Fundo de Investimento Imobiliario (FII) - Fator Verita,,BMFBOVESPA,Equity REIT,Diversified,Brazil,,Y,,,,,,,,,,,,
701,JPPC11,Banco Finaxis - Fundo de Investimento Imobiliario (FII) - JPP Capital,,BMFBOVESPA,Equity REIT,Diversified,Brazil,,Y,,,,,,,,,,,,
702,TSNC11,Banco Finaxis - Fundo de Investimento Imobiliario (FII) - Transinc,,BMFBOVESPA,Equity REIT,Office,Brazil,,,,,,,,Y,,,,,,
703,BJRC11,Banco J. Safra - Fundo de Investimento Imobiliario (FII) - JS Real Estate Recebiveis Imobiliarios,,BMFBOVESPA,Equity REIT,Diversified,Brazil,,Y,,,,,,,,,,,,
704,JSIM11,Banco J. Safra - Fundo de Investimento Imobiliario (FII) - JS Real Estate Renda Imobiliaria,,BMFBOVESPA,Equity REIT,Diversified,Brazil,,Y,,,,,,,,,,,,
705,JSRE11,Banco J. Safra - Fundo de Investimento Imobiliario (FII) - JS Real Estate Multigestao,,BMFBOVESPA,Equity REIT,Office,Brazil,,,,,,,,Y,,,,,,
706,HBTT11,Vortx DTVM - Fundo de Investimento Imobiliario (FII) - Habitat I,,BMFBOVESPA,Equity REIT,Diversified,Brazil,,Y,,,,,,,,,,,,
707,TGAR11,Vortx DTVM - Fundo de Investimento Imobiliario (FII) - TG Ativo Real,,BMFBOVESPA,Equity REIT,Diversified,Brazil,,Y,,,,,,,,,,,,
708,XPIN11,Vortx DTVM - Fundo de Investimento Imobiliario (FII) - XP Industrial,,BMFBOVESPA,Equity REIT,Industrial,Brazil,,,,,Y,,,,,,,,,
709,XPLG11,Vortx DTVM - Fundo de Investimento Imobiliario (FII) - XP Logística,,BMFBOVESPA,Equity REIT,Industrial,Brazil,,,,,Y,,,,,,,,,
710,ANCR11B,Geração Futuro - Fundo de Investimento Imobiliario (FII) - Ancar IC,,BMFBOVESPA,Equity REIT,Retail,Brazil,,,,,,,,,,,Y,,,
711,MALL11,Geração Futuro - Fundo de Investimento Imobiliario (FII) - Malls Brasil Plural,,BMFBOVESPA,Equity REIT,Retail,Brazil,,,,,,,,,,,Y,,,
712,NVHO11,Geração Futuro - Fundo de Investimento Imobiliario (FII) - Novo Horizonte,,BMFBOVESPA,Equity REIT,Health Care,Brazil,,,Y,,,,,,,,,,,
713,SPAF11,Geração Futuro - Fundo de Investimento Imobiliario (FII) - Spa,,BMFBOVESPA,Equity REIT,Diversified,Brazil,,Y,,,,,,,,,,,,
714,SPTW11,Geração Futuro - Fundo de Investimento Imobiliario (FII) - SP Downtown,,BMFBOVESPA,Equity REIT,Office,Brazil,,,,,,,,Y,,,,,,
715,OUJP11,Banco Finaxis - Fundo de Investimento Imobiliario (FII) - Ourinvest JPP,,BMFBOVESPA,Equity REIT,Diversified,Brazil,,Y,,,,,,,,,,,,
716,AQLL11,Foco DTVM - Fundo de Investimento Imobiliario (FII) - Aquilla,,BMFBOVESPA,Equity REIT,Diversified,Brazil,,Y,,,,,,,,,,,,
717,ARFI11B,Foco DTVM - Fundo de Investimento Imobiliario (FII) - AQ3 Renda,,BMFBOVESPA,Equity REIT,Diversified,Brazil,,Y,,,,,,,,,,,,
718,BZLI11,Foco DTVM - Fundo de Investimento Imobiliario (FII) - BRAZIL REALTY,,BMFBOVESPA,Equity REIT,Diversified,Brazil,,Y,,,,,,,,,,,,
719,FISD11,Foco DTVM - Fundo de Investimento Imobiliario (FII) - São Domingos,,BMFBOVESPA,Equity REIT,Diversified,Brazil,,Y,,,,,,,,,,,,
720,RBAG11,CitiBank DTVM - Fundo de Investimento Imobiliario (FII) - RB Capital Agre,,BMFBOVESPA,Equity REIT,Diversified,Brazil,,Y,,,,,,,,,,,,
721,RBPD11,CitiBank DTVM - Fundo de Investimento Imobiliario (FII) - RB Capital Prime Realty II,,BMFBOVESPA,Equity REIT,Diversified,Brazil,,Y,,,,,,,,,,,,
722,RBPR11,CitiBank DTVM - Fundo de Investimento Imobiliario (FII) - RB Capital Prime Realty I,,BMFBOVESPA,Equity REIT,Diversified,Brazil,,Y,,,,,,,,,,,,
723,WMRB11B,CitiBank DTVM - Fundo de Investimento Imobiliario (FII) - WM RB Capital,,BMFBOVESPA,Equity REIT,Diversified,Brazil,,Y,,,,,,,,,,,,
724,XPGA11,CitiBank DTVM - Fundo de Investimento Imobiliario (FII) - XP Recebíveis,,BMFBOVESPA,Equity REIT,Diversified,Brazil,,Y,,,,,,,,,,,,
725,CPTS11B,BNY Mellon - Fundo de Investimento Imobiliario (FII) - Capitânia,,BMFBOVESPA,Equity REIT,Diversified,Brazil,,Y,,,,,,,,,,,,
726,DOVL11B,BNY Mellon - Fundo de Investimento Imobiliario (FII) - Dovel,,BMFBOVESPA,Equity REIT,Office,Brazil,,,,,,,,Y,,,,,,
727,REIT11,BNY Mellon - Fundo de Investimento Imobiliario (FII) - SOCOPA FII,,BMFBOVESPA,Equity REIT,Diversified,Brazil,,Y,,,,,,,,,,,,
728,NVIF11B,BRL Trust - Fundo de Investimento Imobiliario (FII) - Nova I,,BMFBOVESPA,Equity REIT,Industrial,Brazil,,,,,Y,,,,,,,,,
729,UBSR11,BRL Trust - Fundo de Investimento Imobiliario (FII) - UBS BR Recebíveis,,BMFBOVESPA,Equity REIT,Diversified,Brazil,,Y,,,,,,,,,,,,
730,VISC11,BRL Trust - Fundo de Investimento Imobiliario (FII) - Vinci Shopping Centers,,BMFBOVESPA,Equity REIT,Diversified,Brazil,,Y,,,,,,,,,,,,
731,STFI11,Santander - Fundo de Investimento Imobiliario (FII) - Santander Recebíveis Imobiliários,,BMFBOVESPA,Equity REIT,Diversified,Brazil,,Y,,,,,,,,,,,,
732,FIGS11,SOCOPA - Fundo de Investimento Imobiliario (FII) - General Shopping Ativo e Renda,,BMFBOVESPA,Equity REIT,Retail,Brazil,,,,,,,,,,,Y,,,
733,PATC11,Modal DTVM - Fundo de Investimento Imobiliario (FII) - Pátria Edifícios Corporativos,,BMFBOVESPA,Equity REIT,Office,Brazil,,,,,,,,Y,,,,,,
734,SHOP11,Modal DTVM - Fundo de Investimento Imobiliario (FII) - Multi Shoppings,,BMFBOVESPA,Equity REIT,Retail,Brazil,,,,,,,,,,,Y,,,
735,BPFF11,Genial Investimentos - Fundo de Investimento Imobiliario (FII) - Brasil Plural Absoluto Fundo de Fundos,,BMFBOVESPA,Equity REIT,Diversified,Brazil,,Y,,,,,,,,,,,,
736,BRHT11B,Elite CCVM - Fundo de Investimento Imobiliario (FII) - BR Hoteis,,BMFBOVESPA,Equity REIT,Hotel,Brazil,,,,Y,,,,,,,,,,
737,DOMC11,CM Capital Markets - Fundo de Investimento Imobiliario (FII) - REAG Renda Imobiliária,,BMFBOVESPA,Equity REIT,Office,Brazil,,,,,,,,Y,,,,,,
738,GGRC11,CM Capital Markets - Fundo de Investimento Imobiliario (FII) - GGR COVEPI,,BMFBOVESPA,Equity REIT,Industrial,Brazil,,,,,Y,,,,,,,,,
739,SAIC11B,BRB DTVM - Fundo de Investimento Imobiliario (FII) - SIA Corporate,,BMFBOVESPA,Equity REIT,Office,Brazil,,,,,,,,Y,,,,,,
740,PABY11,BRKB DTVM - Fundo de Investimento Imobiliario (FII) - Panamby,,BMFBOVESPA,Equity REIT,Diversified,Brazil,,Y,,,,,,,,,,,,
741,FLMA11,Unitas BR-Capital DTVM - Fundo de Investimento Imobiliario (FII) - Square Faria Lima,,BMFBOVESPA,Equity REIT,Office,Brazil,,,,,,,,Y,,,,,,
742,FPNG11,Unitas BR-Capital DTVM - Fundo de Investimento Imobiliario (FII) - Pedra Negra Renda Imobiliária,,BMFBOVESPA,Equity REIT,Office,Brazil,,,,,,,,Y,,,,,,
743,SCPF11,Unitas BR-Capital DTVM - Fundo de Investimento Imobiliario (FII) - SCP,,BMFBOVESPA,Equity REIT,Retail,Brazil,,,,,,,,,,,Y,,,
744,PRTS11,Modal DTVM - Fundo de Investimento Imobiliario (FII) - Multi Properties,,BMFBOVESPA,Equity REIT,Retail,Brazil,,,,,,,,,,,Y,,,
745,OUCY11,Banco Ourinvest S.A. - Fundo de Investimento Imobiliario (FII) - OURINVEST CYRELA,,BMFBOVESPA,Equity REIT,Diversified,Brazil,,Y,,,,,,,,,,,,
746,WTSP11B,Banco Ourinvest S.A. - Fundo de Investimento Imobiliario (FII) - Ourinvest RE I,,BMFBOVESPA,Equity REIT,Office,Brazil,,,,,,,,Y,,,,,,
747,MSHP11,BEM DTVM - Fundo de Investimento Imobiliario (FII) - Mais Shopping Largo 13,,BMFBOVESPA,Equity REIT,Retail,Brazil,,,,,,,,,,,Y,,,
748,PRSV11,BEM DTVM - Fundo de Investimento Imobiliario (FII) - Presidente Vargas,,BMFBOVESPA,Equity REIT,Office,Brazil,,,,,,,,Y,,,,,,
749,FTCE11B,Banco Opportunity - Fundo de Investimento Imobiliario (FII) - Opportunity,,BMFBOVESPA,Equity REIT,Office,Brazil,,,,,,,,Y,,,,,,
750,BBIM11,Banco do Brasil - Gestao de Recursos DTVM - Fundo de Investimento Imobiliario (FII) -BB Recebíveis Imobiliários,,BMFBOVESPA,Equity REIT,Diversified,Brazil,,Y,,,,,,,,,,,,
751,OPI,Office Properties Income Trust,6.5,NASDAQ,Equity REIT,Office,United States,,,,,,,,Y,,,,,,
752,IIPR,"Innovative Industrial Properties, Inc.",7.1,NYSE,Equity REIT,Specialty,United States,,,,,,,,,,,,,,Y
753,HOM.U,BSR REIT,,TSX,Equity REIT,Residential,United States,,,,,,,,,Y,,,,,
754,BPR,Brookfield Property REIT,3.6,NASDAQ,Equity REIT,"Industrial, Hotel, Office, Self Storage, Retail, Specialty",United States,,,,Y,Y,,,Y,,,Y,Y,,Y
755,EMBASSY,Embassy Office Parks REIT,,BSE,Equity REIT,"Industrial, Office",India,,,,,Y,,,Y,,,,,,
756,PSTL,"Postal Realty Trust, Inc.",,NYSE,Equity REIT,"Office, Specialty",United States,,,,,,,,Y,,,,,,Y
757,PINE,"Alpine Income Property Trust, Inc.",,NYSE,Equity REIT,,United States,,,,,,,,,,,,,,
758,PEAK,"Healthpeak Properties, Inc.",4.3,NYSE,Equity REIT,Health Care,United States,,,Y,,,,,,,,,,,
759,DHC,Diversified Healthcare Trust,,NASDAQ,Equity REIT,Health Care,United States,,,Y,,,,,,,,,,,
760,TSX:MRG.UN,Morguard Corporation,,TSX,,,,,,,,,,,,,,,,,
761,BRE,Brookfield Real Estate Services Inc,,TSX,,,Canada,,,,,,,,,,,,,,
762,AJA,Astro Japan Property Group,,ASX,,,Japan,,,,,,,,,,,,,,
763,YAPS,"Albirana Properties SOCIMI, S.A.U.",,BME,,Residential,Spain,,,,,,,,,Y,,,,,
